1,MTV Books
2,Cengage Learning
3,Workman Publishing Company
4,G.P. Putnam's Sons
5,University of Texas Press
6,Black Classic Press
7,Dover Publications
8,Anchor
9,Siete Cuentos
10,HarperCollins Publishers
11,Ivy Books
12,Harper Perennial (NYC)
13,Vintage
14,Faber & Faber
15,Baen
16,British Academy
17,George Braziller Inc.
18,Mariner Books
19,Random House Trade Paperbacks
20,Turtleback Books
21,Grand Central Publishing
22,Evans Brothers
23,Krause Publications
24,International Code Council
25,Tarcher
26,Bantam (Fanfare)
27,Da Capo Press
28,HarperCollins Leadership
29,Random House Audio
30,Vision
31,Kyle Books
32,Grijalbo
33,Forge Books
34,Scribner
35,Faber  Faber
36,Picador USA
37,Harper Collins
38,Avon
39,Timber Press (OR)
40,Vintage International
41,HMH Books for Young Readers
42,Delta
43,Bantam Books
44,Bantam
45,Ballantine Books
46,Rosenberg Publishing
47,Audiogo
48,Signet
49,Kodansha
50,Tor Fantasy
51,Seal Books
52,Simon & Schuster Books for Young Readers
53,Candlewick Press
54,Penguin Books
55,Abdo Publishing Company
56,Penguin Classics
57,Knopf Books for Young Readers
58,Broadway Books
59,HarperOne
60,Methuen Drama
61,Candlewick
62,Hackett Publishing Company  Inc.
63,Counterpoint LLC
64,Bookclub-In-A-Box
65,Penguin Books  Limited (UK)
66,Basic Books
67,HarperCollins
68,Harper Perennial
69,Tor Books
70,rbooks
71,Harper Paperbacks
72,University of Chicago Press
73,MacMillan General Books
74,Zebra
75,Back Bay Books
76,William Morrow
77,Whitaker House
78,Here's Life Publishers
79,Xlibris Corporation
80,Random House UK Distribution
81,Harper
82,DK Children
83,Modern Library
84,Simon  Schuster Audio
85,MacMillan Publishing Company
86,Picador
87,Del Rey
88,Cambridge University Press
89,HarperTorch
90,AHA! Process
91,Headline
92,Bloomsbury Paperbacks
93,Shaw
94,Onyx
95,University of Utah Press
96,Sidgwick & Jackson Ltd
97,University of Georgia Press
98,Simon and Schuster
99,Mayfield Publishing Company (NY)
100,HarperResource
101,It Books
102,Corgi Childrens
103,Bethany House Publishers
104,Miramax Books
105,Gramercy Books
106,W. W. Norton & Company
107,Bloomsbury Academic
108,CRC Press
109,Bloomsbury
110,University Press of Kansas
111,Moyer Bell and its subsidiaries
112,Dell
113,City Lights Publishers
114,Pocket Star
115,Zondervan
116,Fawcett
117,Berkley Trade
118,Pinnacle
119,Carroll & Graf Publishers
120,Hqn
121,Harpercollins Childrens Books
122,Dutton Children's Books
123,Plume
124,Riverhead Books
125,Puffin Books
126,Saddleback Educational Publishing  Inc.
127,Sarah Crichton Books
128,University of Pittsburgh Press
129,Alfred A. Knopf
130,Bloomsbury Publishing PLC
131,Dell Publishing Company
132,Harlequin Presents
133,Kensington
134,Bold Strokes Books
135,Harlequin Books
136,Oxford University Press  USA
137,Signet Book
138,SparkNotes
139,Pinter & Martin Ltd
140,Vintage Books
141,William Morrow Paperbacks
142,Anchor Books
143,Lulu.com
144,Gardners Books
145,Black Dog & Leventhal Publishers
146,David R. Godine
147,Wings Books
148,Berkley Prime Crime
149,Avon Books
150,Arrow Books
151,Faber and Faber
152,Palgrave Macmillan
153,Northwestern University Press
154,Grove Press
155,Oxford University Press
156,Holiday House
157,Berkley
158,Four Walls Eight Windows Press
159,Naxos Audiobooks
160,Signet Classics
161,Mirrorstone
162,St. Martin's Paperbacks
163,W. W. Norton  Company
164,Reader's Digest Association
165,Scholastic Reference
166,Puffin
167,Bantam Doubleday Dell Publishing Group
168,Buccaneer Books
169,Digireads.com
170,Simon & Schuster
171,New York Review of Books
172,Fourth Estate
173,Gollancz
174,Zondervan Publishing Company
175,Mira (Mills and Boon)
176,Mira Books
177,Ace Books
178,Arcade Publishing
179,Routledge
180,Anchor Canada
181,Univ Of Minnesota Press
182,American Girl Publishing Inc
183,Little Brown
184,Macmillan Audio
185,Minotaur Books
186,New Directions
187,Dramatists Play Service
188,Gollehon Books
189,Little  Brown
190,Harvest / Harcourt
191,Barnes  Noble Classics
192,Barnes & Noble Classics
193,Everyman's Library
194,Spark Publishing
195,Theatre Communications Group
196,Paraglyph Press
197,Indiana University Press
198,Houghton Mifflin Harcourt
199,Imprint Academic
200,Thomas Nelson
201,William B. Eerdmans Publishing Company
202,Verba Mundi
203,Golden/Disney
204,Random House
205,Bantam (Fanfare Imprint)
206,Harvest House Publishers
207,Griffin
208,Random House Trade
209,Blackstone Audiobooks
210,Prentice Hall
211,EMC/Paradigm Publishing
212,St. Martin's Griffin
213,Warner Books (NY)
214,Lectorum Publications
215,DeBolsillo
216,Pocket
217,Hakusen Sha
218,St. Martin's True Crime
219,Nick Hern Books
220,Penguin
221,The Harvill Press
222,Addison Wesley
223,Random House Value Publishing
224,Perigee Trade
225,MacMillan Children's Books
226,Summit University Press
227,Harper Business
228,Focus Publishing/R. Pullins Company
229,Delacorte Press
230,Atria Books
231,Center Point
232,Pocket Books
233,Stanford University Press
234,Vintage Crime/Black Lizard
235,Delcourt
236,Canongate U.S.
237,Fredonia Books (NL)
238,A K PETERS
239,McGraw-Hill Education
240,The Modern Library
241,Laurel
242,Bolchazy-Carducci Publishers
243,DAW Books
244,Scholastic Paperbacks
245,Babel
246,The Guilford Press
247,HarperTeen
248,University of Arizona Press
249,Knopf Publishing Group
250,Jove Books
251,Ivan R. Dee Publisher
252,Penguin Press
253,Bantam Starfire
254,Simon Pulse
255,Harper Perennial Modern Classics
256,Dial Press Trade Paperback
257,Picture Book Studio Ltd
258,AA World Services
259,Alcoholics Anonymous World Services Inc
260,Scribner Book Company
261,Marion Boyars Publishers Ltd
262,Barrons Educational Series
263,Challenge Press  Inc./Challcrest Press
264,Addison-Wesley Professional
265,Vintage/Ebury
266,List
267,Candlewick Press (MA)
268,Broadview Press Inc
269,Bantam Classics
270,Little Simon
271,Warner Books
272,Spectra Books
273,Dark Horse Books
274,Amistad
275,Poppy
276,Harlequin Blaze
277,Fawcett Crest
278,Schocken
279,Harcourt Brace
280,Berkley Books
281,HarperTrophy
282,Taylor Productions Ltd
283,University of North Carolina Press
284,Polychrome Publishing Corporation
285,Simon & Schuster Childrens Books
286,Reclam  Leipzig
287,Chosen Books
288,Atheneum Books for Young Readers
289,Apple
290,Alfaguara
291,Europa Editions
292,Wizards of the Coast
293,Scholastic
294,Greenwillow Books
295,Turtleback Books Distributed by Demco Media
296,Simon  Schuster/Paula Wiseman Books
297,Regnery Publishing
298,Little  Brown & Company (Boston/Toronto)
299,Salem Press Inc
300,Pearson
301,PerfectBound (HarperCollins)
302,Headline Review
303,Random House (NY)
304,Longman Publishing Group
305,Graywolf Press
306,Vintage/Random House (NY)
307,Belknap Press
308,Gale Cengage
309,Actes Sud
310,Starscape
311,Casa Creacion
312,Anchor Books/Knopf Doubleday Publishing Group
313,Laurel Leaf Books
314,The New York Review Children's Collection
315,Simon  Schuster
316,Rodale Books
317,Arlington House
318,Moody Publishers (Chicago)
319,Bradford Book
320,Love Spell
321,Penguin Books Ltd
322,Yearling Books
323,Harvest Books/Harcourt
324,Stonewall Inn Editions
325,St. Martin's Press
326,Vanguard Press
327,Museum of Modern Art
328,Penguin Press HC  The
329,FonoLibro
330,Grosset & Dunlap
331,Putnam
332,Brilliance Audio
333,MetroBooks (NY)
334,Ecco Press
335,DK
336,Live Oak Media
337,Harcourt
338,Jove
339,LÃ¼bbe
340,Wildside Press
341,Farrar  Straus and Giroux
342,Touchstone Books
343,Recorded Books  Inc.
344,Gramercy
345,Hard Press
346,Andrews McMeel Publishing
347,TusQuets
348,NAL
349,Harry N. Abrams
350,Columbia University Press
351,Tarcherperigee
352,HQN Books
353,Insel  Frankfurt
354,Sophia Institute Press
355,Doubleday Books
356,Random House Children's Books
357,Allen Lane
358,University of Pennsylvania Press
359,Bristol Classical Press
360,Tyndale House Publishers
361,Harcourt Brace Jovanovich
362,Library of America
363,Yale University Press
364,Beacon Press
365,Abrams
366,DEBOLS!LLO
367,Listening Library
368,Archaia
369,Lark Books
370,Orion Publishing Group
371,Kessinger Publishing
372,Simon Schuster
373,Avon Books (P)
374,MIT Press (Cambridge  MA)
375,Spectra
376,Prometheus Books
377,Marvel
378,Twayne Publishers
379,Wiley Publishing  Inc.
380,Benjamin Cummings
381,John Wiley & Sons
382,G. P. Putnam's Sons
383,Roc
384,Little  Brown Books for Young Readers
385,Del Rey Books
386,Dutton
387,University of California Press
388,Heyne
389,Villard
390,Motilal Banarsidass
391,Chicago Review Press
392,Focal Press
393,Harmony
394,Disney Press
395,For Dummies
396,Roaring Brook Press
397,Archipelago Books
398,Wiley
399,Running Press
400,Plume Books
401,Libros para ninos
402,Thames  Hudson
403,Orion Children's Books
404,Vintage Classics
405,Random House (Vintage)
406,Piper Taschenbuch
407,Simon & Schuster; Media Tie-In edition
408,Michael Joseph
409,PublicAffairs
410,Barron's Educational Series
411,Basic Books (AZ)
412,DC Comics
413,VIZ Media LLC
414,Starcatcher Press
415,FaithWords
416,Lama Foundation (San Cristobal  NM)
417,Disney-Hyperion
418,Keep It Simple Books
419,Dial Press
420,Rux Martin/Houghton Mifflin Harcourt
421,Warne
422,Graphics Press LLC
423,Julia MacRae
424,Allworth
425,Beckett Media
426,Jossey-Bass
427,Baen Books
428,Piper
429,Serpents Tail
430,Barrington Stoke
431,Johnson Publishing Company (IL)
432,Laurel Leaf Library
433,Apress
434,Pragmatic Bookshelf
435,Severn House
436,Hyperion Books
437,Planeta Publishing
438,Vision Forum
439,Atheneum Books
440,Felony & Mayhem
441,Watkins Publishing
442,Johns Hopkins University Press
443,Viking Books
444,Hachette Books
445,Paperback Library
446,Blanvalet Verlag GmbH
447,Thomas Y. Crowell Company
448,University of Massachusetts Press
449,dtv
450,Thames & Hudson
451,Bloomsbury / Continuum
452,Quest Books
453,Delacorte Books for Young Readers
454,Fantagraphics
455,Feral House
456,Random House Books for Young Readers
457,Orchard
458,Doubleday
459,Random House for Young Readers
460,Raintree
461,Gallimard
462,Cold Spring Harbor Laboratory Press
463,Chronicle Books
464,Secker
465,Roxford Books
466,Vertical
467,ECW Press
468,Artisan
469,Little  Brown Book Group
470,Delta Publishing
471,Sterling
472,Bison Books
473,Ecco
474,Pantheon
475,Eros Comix
476,Random House Audio Publishing Group
477,Acropolis Books (NY)
478,Encounter Books
479,Little Brown and Company
480,Black Swan
481,Pan Books
482,Tor
483,P & R Publishing
484,TokyoPop
485,GlÃ©nat
486,Verso
487,Top Shelf Productions
488,Shueisha
489,University of Minnesota Press
490,Plexus Publishing Ltd
491,Little  Brown and Company
492,Leisure Books
493,Le Livre de Poche
494,Arrow
495,Simon & Schuster Audio
496,University Press of Kentucky
497,Stackpole Books
498,Gauntlet Press
499,Berkley Hardcover
500,Eos
501,Harvard Business Review Press
502,Hal Leonard Publishing Corporation
503,HarperCollins Publishers  Inc.
504,Dutton Juvenile
505,Canongate Books
506,Orb Books
507,Phoenix Audio
508,Riverhead Hardcover
509,Enitharmon Press
510,Llewellyn Publications
511,Putnam Adult
512,Focus on the Family Publishing
513,Pan MacMillan
514,Sutton Publishing
515,Methuen Publishing
516,MIT Press
517,Blood Moon Productions
518,HarperPerennial / Perennial Classics
519,Corgi
520,Clarion Books
521,Fanfare
522,Samuel French  Inc.
523,Three Rivers Press (CA)
524,Collins Reference
525,Picador  Macmillan Publishers Ltd
526,Abacus
527,Luna Books
528,Editions de l'Olivier
529,Th1nk Books
530,Macmillan
531,David R. Godine Publisher
532,Brown Son & Ferguson Ltd.
533,O'Reilly Media
534,Norma Editorial
535,Open Court
536,Scholastic Nonfiction
537,Vantage Press
538,US Naval Institute Press
539,Severn House Publishers
540,Red Dress Ink
541,DAW
542,Praeger
543,Daimon Verlag
544,Ignatius Press
545,Prentice Hall PTR
546,Ediciones B
547,Knopf
548,Harlequin
549,Chaosium
550,Hill and Wang
551,National Geographic Society
552,Larousse Kingfisher Chambers
553,Kaplan
554,W. W. Norton and Company
555,Gotham
556,One World/Ballantine
557,Books on Tape
558,Digital Manga Publishing
559,Nelson Books
560,Harper Voyager
561,Atlantic Books (UK)
562,Plaza y Janes
563,Wings
564,The Overlook Press
565,Hyperion
566,Coronet
567,Mysterious Press
568,Luna
569,Firebird
570,BradyGames
571,Vintage Contemporaries
572,Orchard Books
573,North Point Press
574,Fawcett Books
575,Arcadia Publishing (SC)
576,Vanderbilt University Press
577,Zeta Bolsillo
578,Audio Literature
579,iBooks
580,Viking Juvenile
581,White Wolf Games Studio
582,Ace
583,Viking
584,Lawbook Exchange  Ltd.
585,Random House  for Young Readers
586,HarperEntertainment
587,Scholastic  Inc.
588,Washington Square Press
589,St. Martins Press-3PL
590,Kensington Publishing Corporation
591,Houghton Mifflin
592,University of Illinois Press
593,Bantam Skylark
594,Pantheon Books
595,Gallery Books
596,Authorhouse
597,Loeb Classical Library
598,Backinprint.com
599,Meisha Merlin Publishing
600,Crescent
601,William Morrow & Company
602,St. Martin's Minotaur
603,Howard Books
604,Aspect
605,Tyndale Momentum
606,Cornerstone Press Chicago
607,Blackwell Publishers
608,LGF
609,Hachette LittÃ©rature
610,Storey Publishing  LLC
611,French & European
612,Duke University Press Books
613,Oni Press
614,Pocket Books: Gallery Books
615,Atelos Press
616,Douglas & McIntyre
617,W.W. Norton & Company  Inc. (NY)
618,Watson-Guptill
619,Sentient Publications
620,Cliffs Notes
621,Aladdin
622,BBC Audiobooks
623,Simon & Schuster (Trade Division)
624,Sceptre
625,Loeb Classical Library/Harvard University Press
626,Henry Holt and Co. (BYR)
627,Hawthorne Books
628,Microsoft Press
629,NAL Trade
630,Atlantic Monthly Press (NYC)
631,Penguin Books Ltd. (London)
632,Library of America (NY)
633,Penguin Classics Deluxe Edition
634,Riverrun Press (New York  NY)
635,Everyman
636,Routledge Classics
637,T&T Clark Int'l
638,Barbour Books
639,Blue Sky Press
640,Booket
641,Readers Digest
642,Alpha
643,Penguin/Viking Compass (Non-Classics)
644,Castle Books
645,Santillana USA Publishing Company
646,Shambhala
647,Catholic Book Publishing
648,Polygon
649,World Wrestling Entertainment Books
650,New York University Press
651,Polity Press
652,University Press of Mississippi
653,Hampton Roads Publishing Company
654,Cook's Illustrated
655,Boston Common Press
656,America's Test Kitchen
657,Beltz und Gelberg
658,Chelsea House Publications
659,Sunstone Press
660,Universe Publishing(NY)
661,Motorbooks
662,Yearling
663,Margaret K. McElderry Books
664,IVP Books
665,Vintage Espanol
666,CDS Books
667,Holloway House
668,Edwin Mellen Press
669,ADV Manga
670,Orbit
671,Farrar Straus Giroux
672,Ember
673,Kuperard
674,Edimat Libros
675,Fawcett Crest Books
676,Ace Hardcover
677,Galahad Books
678,Clarity Press
679,Ash-Tree Press
680,Trafford Publishing
681,Hachette
682,Jonathan Cape
683,Heinemann Library
684,Treat Enterprises
685,Dark Horse
686,Loyola Press (Chicago)
687,Penguin Group (USA)
688,Bright Sky Press
689,Waterbrook Press
690,Diogenes Verlag
691,Diogenes
692,Goldmann
693,Addison Wesley Publishing Company
694,Course Technology
695,Public Square Books
696,Hill & Wang
697,Meredith Corporation
698,St. Martin's
699,McGraw-Hill Companies
700,Aladdin Paperbacks
701,Transworld Publishers
702,Headline Book Publishing
703,Bantam Press
704,Corgi Books
705,New Directions Publishing Corporation
706,Mel Bay Publications  Inc.
707,Y Lolfa
708,Berkley Sensation
709,Digital Manga Publishing / Dark Horse
710,Laurel Leaf
711,Berkley Publishing Group
712,Egmont Books Ltd
713,Kiepenheuer & Witsch
714,Patmos
715,Benziger
716,Virago UK
717,Revive Publishing
718,Inter-Varsity Press
719,Wildstorm
720,Viking Adult
721,Razorbill
722,American Diabetes Association
723,Vivendi
724,Harper Design
725,Touchstone
726,Suhrkamp
727,Piper Verlag
728,Droemer Knaur
729,Wilhelm Goldmann Verlag  GmbH
730,Kabel  Verlag GmbH Ernst
731,Rowohlt Tb.
732,Goldmann Verlag
733,Berlitz Kids
734,Futura
735,Bantam Spectra
736,NYRB Classics
737,Princeton University Press
738,Ulysses Press
739,Hachette Audio
740,DK Publishing (Dorling Kindersley)
741,Harvard University Press (Cambridge)
742,Banner of Truth
743,Veritas Publishing
744,Bertrand
745,Plexus Publishing
746,Fount
747,Creation Books
748,Orion Paperbacks
749,Scholastic Press
750,Virgin Publishing
751,BBC Books
752,Haynes Manuals N. America  Inc.
753,Dark Horse Manga
754,Multnomah Books
755,New Riders Publishing
756,Honor Books
757,Haus Publishing
758,Charles Scribner's Sons
759,Simon  Schuster Books for Young Readers
760,Silhouette Bombshell
761,Harvard University Press
762,Pyramid Books
763,Heinemann-Octopus
764,Silhouette Desire
765,Trine Day
766,Capstone Press
767,New York: Random House
768,Simon & Schuster Aladddin Paperbacks
769,Devil's Due Publishing
770,Silhouette Books
771,Speak
772,HarperCollins Publishers Ltd
773,Crown
774,Hodder
775,Hodder Children's Books
776,Atlantic
777,Liveright/W.W. Norton & Company  Inc.
778,Walker Books
779,Minnesota Historical Society Press
780,Steidl
781,OUP Oxford
782,Century
783,Clarkson Potter Publishers
784,High Point Media
785,G.P. Putnam's Sons Books for Young Readers
786,Little  Brown & Company
787,Rutgers University Press
788,Worth Publishers
789,Orion Publishing
790,Checkmark Books
791,Maxima New Media
792,Poisoned Pen Press
793,Overlook Press
794,W.W. Norton & Company
795,Holt Paperbacks
796,Wisdom Publications
797,Nymphenburger
798,Rayo
799,Sudamericana
800,Anagrama
801,Punto de Lectura
802,HarperCollins Espanol
803,Salamandra
804,Seix Barral
805,Montena
806,Planeta
807,Puzzle-Via Magna
808,Mestas Ediciones
809,Alfaguara Infantil
810,Bloomsbury USA
811,Scholastic Books
812,PhÃ©bus
813,Be Beautiful
814,Dell Laurel-Leaf
815,Audio Partners
816,Ann Arbor Media
817,Robert Laffont
818,Blanvalet Taschenbuch
819,Algonquin Books
820,Heinle
821,Prima Games
822,C. Bange
823,Mondadori
824,Holt McDougal
825,Hodder & Stoughton
826,Everyman's Library Classics
827,Gibbs Smith
828,Caedmon
829,Sinauer Associates
830,Dedalus
831,Hub City Press
832,No Exit Press
833,Baton Wicks
834,HarperPerennial
835,Yellow Jersey
836,Clarkson Potter
837,Penguin Group
838,Sunburst
839,Bantam Spectra (NY)
840,Abingdon Press
841,Citadel
842,Bantam Books  Inc.
843,Harlequin Special Releases
844,Destiny Image Incorporated
845,State University of New York Press
846,School Specialty Publishing
847,New Page Books
848,Shadow Mountain
849,Impact
850,Dover Publications (NY)
851,Voyager
852,Random House UK Ltd (A Division of Random House Group)
853,Batsford
854,iUniverse
855,Loveswept
856,Arthur A. Levine Books
857,Marvel Comics Group
858,Samuel French Ltd
859,Paul Dry Books
860,GÃ¼rze Books
861,Gurze Books
862,Crown Forum
863,Spectra/Bantam Books (NYC)
864,Image Comics
865,Free Press
866,University of Michigan Press
867,Poseidon Press
868,W.W. Norton & Company (NYC)
869,Push
870,Melville House Publishing
871,Harlequin Superromance
872,Little  Brown Young Readers
873,Counterpoint
874,Fischer Taschenbuch Verlag
875,Avenel Books
876,Dodo Press
877,Pan Publishing
878,Temenos Press
879,Dorling Kindersley Children
880,Harvest Books
881,Heinemann
882,Alfred A. Knopf Books for Young Readers
883,Woodbridge Press Publishing Company
884,P. F. Collier and Sons
885,Pan Childrens
886,Delacorte Books
887,Chatto  Windus
888,Atheneum/Richard Jackson Books
889,Princeton Architectural Press
890,Nostalgia Ventures
891,Living Books
892,Kaplan Publishing
893,Modern Publishing
894,Thunder's Mouth Press Books
895,Watson-Guptill Publications
896,National Geographic Children's Books
897,Windsor Golden Series
898,Cumberland House Publishing
899,Greenwood
900,Rowman & Littlefield Publishers
901,Nelson Current
902,Aegypan
903,Crown Journeys/Crown Publishers/Crown Publishing Group/Random House
904,Lonely Planet
905,Berrett-Koehler Publishers
906,Houghton Mifflin Company
907,Diana TB
908,Grasset
909,University of Calgary Press
910,Fourth Estate Ltd
911,Penguin Books (NYC)
912,Avery
913,London : Faber  2002
914,Random House Vintage
915,Ullstein Tb
916,Cooper Square Press
917,Regnery History
918,Applewood Books
919,Providence Forum Press
920,Smithmark Publishers
921,Not Avail
922,New Harbinger Publications
923,Harrison House
924,ASCD
925,MIRA
926,Titan
927,Dark Horse Comics
928,Pocket Books / Simon & Schuster  Inc.
929,Chicken House
930,Thomas Publications (PA)
931,ReganBooks
932,Continuum
933,KiWi
934,The Monacelli Press
935,NAL Jam
936,Fontana
937,Running Press Book Publishers
938,Victor Gollancz
939,Lantern Books
940,Broadway/Crown Publishing Group
941,O'Brien Press
942,Vintage Books a division of Random House
943,Pharos Books
944,William Morrow / Harper
945,Penguin Classic
946,Cornell University Press
947,Atlantic Books
948,HarperVoyager
949,Grove Press  Granta
950,Taschen
951,Delmar Thomson Learning
952,Poorhouse Press
953,Ediciones GlÃ©nat EspaÃ±a
954,Dover Publications  Inc.
955,Celestial Arts
956,Tantor Media
957,Usborne Books
958,Hodder Audio
959,YoungJin Singapore Pte. Ltd.
960,W.W. Norton
961,Barricade Books
962,Doubleday Books for Young Readers
963,Akashic Books/Punk Planet Books
964,Bloomsbury Arden Shakespeare
965,Virago Press Ltd
966,Free Spirit Publishing
967,Pavement Saw Press
968,That Patchwork Place
969,Pearson Longman
970,Ellora's Cave
971,Twin Palms Publishers
972,Viking Children's Books
973,Limelight Editions
974,Two Plus Two Publishing LLC
975,Bloomsbury USA Children's Books
976,Arthur A. Levine Books / Scholastic Inc.
977,Scholastic Inc.
978,Bloomsbury Publishing
979,Bloomsbury USA Childrens
980,Bloomsbury UK
981,Thorndike Press Large Print
982,Arthur A. Levine
983,Dhv der HÃ¶rverlag
984,Carlsen
985,YapÄ± Kredi YayÄ±nlarÄ±
986,Emece Editores
987,Harvill Press
988,Atheneum Books for Young Readers: Richard Jackson Books
989,The New Press
990,Stone Bridge Press
991,Crystal Clarity Publishers
992,North Atlantic Books
993,Benjamin-Cummings Publishing Company
994,Filiquarian Publishing  LLC.
995,Green Integer
996,McGraw-Hill Science/Engineering/Math
997,Seven Stories Press
998,Alison Green Books
999,Bantam Books (NY)
1000,Houghton Mifflin Harcourt P
1001,Grove/Atlantic  Inc.
1002,Penguin UK
1003,New Directions Publishing
1004,W.W. Norton & Company (NY)
1005,Avon HarperCollins
1006,Harlequin Temptation
1007,Tachyon Publications
1008,Western Publishing Company  Golden Books
1009,Hay House
1010,Philomel Books
1011,Hippo/Scholastic
1012,Multnomah
1013,University of Washington Press
1014,Newmarket Press
1015,University Press of Florida
1016,Everyman Paperback Classics
1017,Back Bay
1018,Hyperion Paperbacks
1019,Polyface
1020,Harcourt  Inc.(Harvest Book)
1021,Jump At The Sun
1022,Academy Chicago Publishers
1023,Insel
1024,Alyson Books
1025,Triple Crown Publications
1026,Marion Boyars Publishers
1027,Academic Press
1028,Harpercollins Children's Books
1029,Swallow Press
1030,Waking Lion Press
1031,Howard University Press
1032,Bantam Doubleday Dell (NYC)
1033,Schocken Books Inc
1034,Skylight Paths Publishing
1035,HarperTempest
1036,Vermilion
1037,Frederick P. Lenz Foundation for American Buddhism
1038,Wiley-Blackwell
1039,Prentice Hall Press
1040,Contemporary Books
1041,Fortress Press
1042,Cedar Books
1043,Writer's Digest Books
1044,F & W Publications Inc.
1045,McSweeney's
1046,Harper Trophy
1047,Peachpit Press
1048,Council Press
1049,Stanford University Press (Stanford  CA)
1050,Material World
1051,Gold Eagle
1052,Millenium
1053,Alfred A. Knopf Borzoi Books
1054,Kingfisher
1055,Golden Books
1056,HarperCollinsChildrenâ€™sBooks
1057,Wyatt Book
1058,Villard Books
1059,Anchor Bible
1060,Association for Scottish Literary Studies
1061,L.A. Weekly Books
1062,Flamingo
1063,Knopf Doubleday Publishing Group
1064,Arrow Books Ltd
1065,Earthlight
1066,Brill/Rodopi
1067,Fontana Press
1068,Princeton University Press (NJ)
1069,Pogue Press
1070,Metropolitan Books/Henry Holt & Co. (NY)
1071,Owl Books
1072,Crossroad
1073,Libraries Unlimited
1074,Ig Publishing
1075,Berkley Books (NY)
1076,Classic Books
1077,Allyn & Bacon
1078,The Chicken House
1079,Naiad Press
1080,Time Life Medical
1081,Weidenfeld & Nicolson
1082,Subterranean Press
1083,Chalice Press
1084,Potomac Books
1085,New Press
1086,Bloomsbury Methuen Drama
1087,Kent State University Press
1088,Health Communications
1089,TSR
1090,Totem Books
1091,Icon Books
1092,Augsburg Fortress Publishing
1093,Penguin Putnam
1094,Belknap Press of Harvard University Press
1095,Harper Perennial Classics
1096,Listening Library (Audio)
1097,Penguin Books /Penguin Classics
1098,Michael O'Mara Books
1099,Lerner Publications
1100,St. Martins Press
1101,Reclam  Ditzingen
1102,John Wiley
1103,Pavilion Press (Wi)
1104,Manesse Verlag
1105,New Press (NY)
1106,Knowledge Products
1107,Steerforth
1108,Deadite Press (Eraserhead Press)
1109,Albury Publishing
1110,Omnibus Press
1111,Zenith Press
1112,Simon & Schuster Paperbacks
1113,Motorbooks International
1114,J'ai Lu
1115,VIZ Media
1116,BBC Physical Audio
1117,Do-Not Press
1118,Arcadia Publishing
1119,Pan Australia
1120,Main Street Books
1121,Quill
1122,Deutscher Taschenbuch Verlag
1123,University of Arkansas Press
1124,Marshall Cavendish Editions
1125,Council Oak Books
1126,Vertigo
1127,French & European Publications
1128,HarperPaperbacks
1129,Countryman Press
1130,Cybereditions Corp
1131,Star Trek
1132,Orion
1133,Ecco/Harper Perennial
1134,Rowohlt Taschenbuch Verlag GmbH
1135,Pygmalion Editions
1136,Gaia Books
1137,Alianza Editorial
1138,Quinteto
1139,French & European Pubns
1140,Grijalbo Mondadori Sa
1141,Folio
1142,Destino Ediciones
1143,Editorial Diana
1144,Self-Realization Fellowship Publishers
1145,1st Book Library
1146,Random House Mondadori
1147,TEA
1148,Byblos
1149,Suma
1150,Norma
1151,DenoÃ«l
1152,Editions Gallimard
1153,Osprey Publishing
1154,Harlequin Historical
1155,Wiley (TP)
1156,Fithian Press
1157,Deodand Publishing
1158,Salani
1159,William Morrow / HarperCollins / Harper Perennial
1160,Aurum Press
1161,EdebÃ©
1162,Porrua
1163,Warners Visions Books
1164,Wayne State University Press
1165,Children's Press(CT)
1166,Jessica Kingsley Publishers
1167,Grove Press  Black Cat
1168,Findakly
1169,Gallimard Jeunesse
1170,Livre de Poche
1171,Dervy
1172,Payot
1173,Hachette Jeunesse
1174,W Publishing Group
1175,Pfeiffer & Company
1176,Copernicus Books
1177,Rebel Press
1178,Hyperion Books for Children
1179,Black Dog & Leventhal
1180,Bragelonne
1181,ArlÃ©a
1182,Gallimard Education
1183,Redleaf Press
1184,Regal Books
1185,Let's Go Publications
1186,Dalkey Archive Press
1187,Fleming H. Revell Company
1188,University of Wisconsin Press
1189,Walker & Company
1190,Schirmer/Mosel
1191,Mariner Books / Harvest Books
1192,Three Rivers Press
1193,Acento Editorial
1194,Abacus Books
1195,Business Plus
1196,Bantam Doubleday Dell Publishing Company Inc.
1197,Teaching Resources
1198,Welcome Books
1199,Price Stern Sloan
1200,Moody Publishers
1201,Collector's Library
1202,Sourcebooks
1203,Nelson Reference & Electronic Publishing
1204,Mark Cahill Ministries
1205,Rockport Publishers
1206,British Film Institute
1207,Silhouette
1208,Pocket Books/Simon & Schuster (NY)
1209,Phaidon Press
1210,SaltRiver
1211,Seal
1212,Perfection Learning
1213,Dover Publications (NYC)
1214,Amistad Press
1215,Souvenir Press
1216,Northeastern University Press
1217,Fantagraphics Books
1218,Nan A. Talese
1219,Harlequin Romance
1220,Blu
1221,HarperAudio
1222,Paulist Press
1223,Harcourt Children's Books
1224,Sleeping Bear Press
1225,Quarry Press
1226,Dabel Brothers Productions
1227,DAW Books Inc
1228,Simple Productions
1229,Viking Press
1230,Presses de La Cite
1231,Viking Books for Young Readers
1232,Grove Weidenfeld
1233,Robson Books  London
1234,Routledge Taylor & Francis Books Ltd imprint
1235,Troll Communications
1236,Walter Foster Publishing
1237,DAW SF
1238,Pimlico
1239,Association for Supervision & Curriculum Development
1240,Klincksieck
1241,Sumach Press
1242,Van Patten Publishing
1243,Xulon Press
1244,Cooper Square Publishers
1245,Thames & Hudson Ltd
1246,Hungry Minds
1247,William Morrow; 1ST edition
1248,Orbis Books
1249,Marvel Comics
1250,Tauris Parke Paperbacks
1251,Time-Life Books  Inc.
1252,Festival Books
1253,Minnesota Heritage Publishing
1254,Volo
1255,Phoenix
1256,Bear  Company
1257,McDougal Littel
1258,Penguin Group(CA)
1259,Inner City Books
1260,Chatto & Windus
1261,Random House Large Print Publishing
1262,Vintage Books USA
1263,New World Publishing
1264,Penguin Audio UK
1265,Dey Street Books
1266,Sounds True
1267,Abraham Guillen Press
1268,St. Martin's Paperback
1269,Loeb Classical Library 307
1270,Viking UK
1271,Regan Books
1272,Simon & Schuster Libros en EspanÌƒol
1273,New English Library
1274,MacMillan UK
1275,New York Review Children's Collection
1276,Recorded Books
1277,Soft Skull Press
1278,Penguin Audio
1279,Penguin Books/Penguin Popular Classics
1280,Liguori Publications
1281,Cherry Lane Music Company
1282,Book Publishing Company
1283,Granta UK
1284,B Books
1285,Running Press Adult
1286,Malhavoc Press
1287,Rivages
1288,Universe
1289,Random House Anchor
1290,National Park Service
1291,Bloomsbury U.S.A. Children's Books
1292,Pan
1293,Charlesbridge
1294,Grove Press  Open City Books
1295,Orion Publishing Co.
1296,Egmont Children's Books
1297,Everyman Library / Overlook Press
1298,Eminent Lives
1299,International Polygonics
1300,Soho Crime
1301,Harcourt  Brace Jovanovich/Harvest
1302,EmecÃ© Editores
1303,Warner Forever
1304,Green Ronin Publishing
1305,New Tradition Books
1306,Laurel Press
1307,Limitless Corporation
1308,Sierra Club Books
1309,Penguin (Non-Classics)
1310,Penguin Books (NY)
1311,Aurum
1312,Urban Books
1313,Watkins
1314,Waveland Press
1315,K.G. Saur Verlag
1316,Warner
1317,New World Library
1318,Blanvalet Taschenbuch Verlag
1319,btb
1320,Peter Owen Ltd
1321,Panamericana Editorial
1322,Bedford Books
1323,National Geographic
1324,Alliance Publishing
1325,Samhain Publishing
1326,Phoenix Press (UK)
1327,Tinder Press
1328,Readers Digest.
1329,Gamble Guides
1330,Owl Books (Henry Holt)
1331,Thorndike Press
1332,Focus
1333,Prentice Hall/Simon & Schuster Company (Englewood Cliffs  NJ)
1334,Pegasus Books
1335,Hachette Children's
1336,Del Rey Fantasy
1337,Simon & Schuster Adult Publishing Group
1338,1st World Library
1339,Dundurn
1340,New Island Books
1341,Ballantine
1342,Scholastic Inc
1343,Haymarket Books
1344,Dutton Books
1345,Roca Editorial
1346,Carl Hanser
1347,HiperiÃ³n
1348,John F. Blair  Publisher
1349,Editions du Rocher
1350,Taunton Press
1351,Transworld Publishers Ltd
1352,Harvard Common Press
1353,Grand Central
1354,Nova Fronteira
1355,Suma de Letras Brasileiras
1356,Editorial PresenÃ§a
1357,Companhia das Letras
1358,HarperCollins UK
1359,Prestwick House - (Literary Touchstone Classic)
1360,Serpent's Tail
1361,Dutton Books for Young Readers
1362,London : Collins  2004.
1363,University Press of New England
1364,AK Press
1365,Paris Press
1366,Routledge Falmer
1367,House of Stratus
1368,Inkling Books
1369,Feiwel & Friends
1370,Luath Press Ltd
1371,Christian Classics
1372,B Fiction
1373,Sasquatch Books
1374,Henry Holt
1375,IVP Academic
1376,Yoruba Theological Archministry
1377,Tor Science Fiction
1378,EdiciÃ³ns Xerais de Galicia  S.A.
1379,Our Daily Bread Publishing
1380,Games Workshop(uk)
1381,University Press of America
1382,Carlton Publishing Group
1383,University of Oklahoma Press
1384,Possibilities
1385,Literatura Random House
1386,Rick Steves
1387,Editions 10/18
1388,Rowohlt Verlag
1389,Plume (Penguin Books Ltd)
1390,Silhouette Special Edition
1391,Crown Publishing Group (NY)
1392,Arsenal Pulp Press
1393,Huntington House Publishers
1394,Editorial RM
1395,Cartwheel
1396,Small Beer Press
1397,Tor Classics
1398,Henry Holt and Co.
1399,Other Press (NY)
1400,Blackwell Publishing  Inc.
1401,Wadsworth Publishing Company
1402,Reaktion Books
1403,Wiley Publishing
1404,Sams
1405,Tin House Books
1406,Crossway Books
1407,Pimsleur
1408,Titan Books Ltd
1409,Adams Media
1410,RH Audio
1411,DAW Books (NY)
1412,TIme Warner Books
1413,Ballantine Books (NY)
1414,Peter Owen Publishers
1415,Piatkus Books
1416,Amherst Media  Inc.
1417,Amherst Media
1418,Lippincott Williams & Wilkins
1419,RH Audio Price-less
1420,Perennial / William Morrow / HarperCollins
1421,Pocket Star Books
1422,MÃ©tailiÃ©
1423,Hill & Wang Publ. (NY)
1424,Lucent Books
1425,Simon & Schuster Simon Pulse
1426,Charnwood
1427,Learning Matters
1428,BantamSpectra
1429,Cemetery Dance Publications
1430,New Falcon Publications
1431,Joanna Cotler Books
1432,Destiny Books
1433,Teacher's Pet Publications  Inc.
1434,Corgi Books (Adult)
1435,HarperCollins Perennial
1436,William Heinemann
1437,University of New Mexico Press
1438,Laurel-Leaf Books
1439,Hamish Hamilton
1440,Trafalgar Square Publishing
1441,Kregel Academic & Professional
1442,Random House Puzzles & Games
1443,Hci
1444,Firebrand Books
1445,Owl Publishing Company
1446,Virago Press (UK)
1447,Forge
1448,Pen & Sword Military
1449,Red Fox
1450,DAW Hardcover
1451,Holt  Rinehart and Winston  Inc.
1452,Servant Publications
1453,Warner Vision
1454,IDW Publishing
1455,Avalon Travel
1456,Gramedia Pustaka Utama
1457,Science Fiction Book Club
1458,Onyx Books
1459,HarperCollinsPublishers
1460,Hodder Wayland
1461,Adamant Media Corporation
1462,Neil Wilson Publishing
1463,Saunders
1464,Owl Books (NY)
1465,Rizzoli International Publications
1466,Westview Press
1467,Nelson Thornes Ltd
1468,Prestwick House
1469,Ecco / HarperCollins
1470,Thomas Dunne Books
1471,Omnibus Hc Bei Bertelsmann
1472,Wheeler Publishing
1473,Crown Business
1474,Orbit Books
1475,Modern Library/Random House (NY)
1476,Image
1477,Hodder & Stoughton Ltd
1478,Collins
1479,Jimmy Patterson
1480,Eraserhead Press
1481,Crossroad Publishing Company
1482,WaterBrook
1483,Voice
1484,Puzzle-Roca
1485,Odonian Press
1486,Grand Central Publishing (Formerly Warner Books)
1487,Zebra Books
1488,Harlequin American Romance
1489,Liveright
1490,Barnes & Noble
1491,Clarendon Press
1492,Octopus Books (London)
1493,Chatto and Windus
1494,Doherty  Tom Associates  LLC
1495,The Berkley Publishing Group
1496,Henry Holt & Company
1497,AvonEos
1498,Civitas Books
1499,Atlantic Monthly Press
1500,Scholastic Audio Books
1501,Downtown Press
1502,Hyperio
1503,Putnam Publishing Group
1504,Fireside
1505,Bloomsbury Childrens Books
1506,Townsend Press
1507,Taplinger Publishing
1508,North Light Books
1509,Walker
1510,Crossing Press
1511,Bureau of Public Secrets
1512,Silhouette Romance
1513,Dodd Mead; 1st edition (September 1976)
1514,Shaye Areheart Books
1515,Nicholas Brealey
1516,Penguin Books Australia Ltd.
1517,Diamond/Charter
1518,Bookspan
1519,Modern Library Classics
1520,Douglas  McIntyre
1521,Macmillan Publ. Co.
1522,River City Publishing
1523,Sphere
1524,Book Publishing Company (TN)
1525,Applause Books
1526,Random House Reference Publishing
1527,William Morrow & Company  Inc.
1528,Columbia Pictures Pubns
1529,Gun Digest Books
1530,Berkley Publishing
1531,Teacher's Pet Publications
1532,Modern Library (NY)
1533,Ace Book
1534,Ace/SFBC
1535,Book of the Month Club
1536,Abstract Studio
1537,Springer
1538,Fourth Estate (GB)
1539,Berkley Prime Crime Books
1540,Zondervan Publishing House
1541,Five Star (ME)
1542,Love Inspired
1543,Specialty Press
1544,Kids Can Press
1545,Miramax
1546,Little Apple
1547,Bloomsbury (NYC)
1548,Gibbs Smith Publishers
1549,IndyPublish.com
1550,TSR Inc.
1551,Walter de Gruyter
1552,New York : Penguin Books
1553,Russell Enterprises
1554,Faber and Faber & Penguin India
1555,Atheneum
1556,Profile Books
1557,Lumen
1558,Bloomsbury Children's Books
1559,Orion (an Imprint of The Orion Publishing Group Ltd )
1560,Square Fish
1561,George Braziller
1562,Jones Books
1563,Timeless Texts
1564,Vacation Work Publications
1565,Pippin Publishing
1566,Turtleback
1567,MONDIAL
1568,Inner Light - Global Communications
1569,Sholom Aleichem Family Publications
1570,Westminster John Knox Press
1571,Farrar Straus and Giroux
1572,Grand Central Life & Style
1573,Penguin (Business)
1574,Drawn and Quarterly
1575,Arkana/Penguin
1576,BiblioLife
1577,Geddes & Grosset
1578,Prentice Hall/Scribner/Macmillan
1579,Night Shade Books
1580,Texas A&M University Press
1581,Cavendish Square Publishing
1582,Chu Hartley Publishers LLC
1583,Element
1584,Hodder Mobius
1585,Intercultural Publishing
1586,Disney Editions
1587,Portfolio
1588,El Paso Norte Press
1589,Farrar  Strauss & Giroux-3pl
1590,PerfectBound
1591,Mountaineers Books
1592,Mills & Boon
1593,NAL Books
1594,Barefoot Books
1595,Faber & Faber Ltd.
1596,Longman
1597,Four Ninety-Eight Productions
1598,Del Rey Books (NY)
1599,Siloam
1600,Nation Books
1601,Vintage Crime
1602,Harper & Row (NYC et al.)
1603,Two Lions
1604,Conari Press
1605,Del Rey/Ballantine Books
1606,University of Texas Press (Austin/London)
1607,Copper Canyon Press
1608,Union Square Press
1609,Your Coach Digital
1610,University of Toronto Press
1611,Taplinger Publ. Company
1612,Twenty-First Century Books (CT)
1613,Ten Speed Press
1614,Mikaya Press
1615,Carroll & Graf
1616,Young Picador
1617,Time Warner Books UK
1618,Klett
1619,HarperFestival
1620,Crown Publishing Group
1621,Island Books
1622,Graphics Press
1623,Tom Doherty Associates/Orb Books
1624,Hard Crime Case
1625,Oberon Books
1626,Starfire
1627,Booksales
1628,Inner Traditions International
1629,Alpha Books
1630,Wordsworth Editions
1631,New American Library
1632,Broadway
1633,Doubleday & Company  Inc.
1634,Boosey & Hawkes Inc
1635,Bollingen/Princeton University Press (NJ)
1636,Fourth Estate Paperbacks
1637,Arrow (A Division of Random House Group)
1638,Omohundro Institute and University of North Carolina Press
1639,Melodrama Publishing
1640,Wasendorf & Associates Inc
1641,Doubleday Canada
1642,Harcourt Brace & Company
1643,A & C Black (Childrens books)
1644,Doubleday Publishing (NY)
1645,Random House Large Print
1646,Ave Maria Press
1647,Grafton
1648,Puffin Books (Penguin Books)
1649,New Press  The
1650,Cherry Red Books
1651,Dominion Press
1652,Sutton
1653,Everyman Chess
1654,Management Books 2000
1655,Napoleon and Co
1656,Square One Publishers
1657,HighBridge Company
1658,Apple Paperbacks (Scholastic)
1659,Yesterday's Classics
1660,Piatkus
1661,W.W. Norton  Company
1662,Firelight Press
1663,Beach Lane Books
1664,Eerdmans
1665,Farrar  Straus & Giroux
1666,Psychology Press
1667,Harper Audio
1668,CQ Press
1669,Quality Paperback Book Club
1670,Hartley & Marks Publishers
1671,Jane Nissen Books
1672,Golden Gryphon Press
1673,Random House  Inc.
1674,HarperSanFrancisco
1675,Amereon Limited
1676,Penguin Books Limited
1677,Hackett Publishing Company (Indianapolis  IN)
1678,Wenner Books
1679,Hodder and Stoughton
1680,Headline Book Pub Ltd
1681,Greenwood Press
1682,Morgan Road Books
1683,William Morrow & Company (NYC)
1684,Time Warner Paperbacks
1685,Harcourt Brace Jovanovich (NY)
1686,Routledge/Taylor & Francis Ltd.
1687,Tougher Disguises
1688,Hesperus Press
1689,Arkana
1690,Phoenix Books/University of Chicago Press (IL)
1691,Arbordale Publishing
1692,The Orion Publishing Group Ltd
1693,Simon & Schuster Children's Publishing
1694,Houghton Mifflin Co. (Boston/NY)
1695,Tuttle Publishing
1696,Fulcrum Publishing
1697,Howard Publishing Co
1698,Hearst Communications
1699,Fab Press
1700,Oregon State University Press
1701,Longman Schools Division (a Pearson Education Company)
1702,Fontana Books
1703,Amereon Ltd
1704,Lyons Press
1705,Penguin Signet
1706,Thomas Nelson Publishers
1707,DeVorss & Company
1708,McClelland & Stewart
1709,William Heinemann Ltd.
1710,Paul S. Eriksson
1711,David C. Cook
1712,Praeger Publishers
1713,Avery Publishing Group
1714,Norton
1715,Pantheon Books (NY)
1716,Large Print Press
1717,Collins Design
1718,Virago
1719,Orion Books
1720,Basil Blackwell (Cambridge  MA/Oxford)
1721,Aris and Phillips
1722,Ronin Publishing (CA)
1723,Aerie
1724,Academica Press
1725,Montlake Romance
1726,Baker Books
1727,Amadeus
1728,Voyageur Press
1729,Peter Smith Publisher
1730,Firebird Books
1731,Birlinn Ltd
1732,Pocket Books/Star Trek
1733,Games Workshop
1734,Underwood/Miller  Berkley
1735,The Bodley Head Ltd
1736,AMR/Advanced Management Reports
1737,Harvard University Press (Cambridge  MA)/Wm Heinemann Ltd. (London)
1738,Gemstone Publishing
1739,Vintage/Ebury (A Division of Random House Group)
1740,MJF Books
1741,Disney Hyperion Books
1742,Fellowship for the Performance
1743,Child's Play International
1744,Sun and Moon Press
1745,BBC Worldwide
1746,Black Lizard Books
1747,North Star Publications (MA)
1748,Dial Books
1749,Collins Modern Classics
1750,Health Communications Inc
1751,Webster's New World
1752,Inner Traditions
1753,Disney Enterprises
1754,One World (UK)
1755,Perennial
1756,Lulu Press
1757,Albert Whitman  Company
1758,Monkfish Book Publishing
1759,RP Minis
1760,Citadel Press
1761,Greenery Press (CA)
1762,International Publishers
1763,Merlin Publishing
1764,Oddysey/Harcourt Young Classics
1765,Harper Element
1766,Longmeadow Press
1767,Faber & Faber Limited
1768,Deodand
1769,Carole Marsh Mysteries
1770,Gallopade International
1771,Dragon Door Publications
1772,Newmarket
1773,Abradale Books/Harry N. Abrams
1774,Courage Books
1775,Random House Inc.
1776,B.E.S. Publishing
1777,Birlinn
1778,Penguin Global
1779,Metropolitan Books
1780,Vintage/Random House Inc. (NYC)
1781,Signet Books (NY)
1782,Schocken Books
1783,Harpperen
1784,Puffin Group
1785,MIT Press (MA)
1786,Hal Leonard Pub Corp
1787,Kindle
1788,Random House: Modern Library
1789,Pelican Publishing Company
1790,Penguin Young Readers
1791,Booklocker.com  Inc.
1792,HarperPrism
1793,One Hour Entertainment
1794,SCM Press
1795,Sage Publications  Inc
1796,Random House Value Publishing/TheViking Press
1797,Express Publishing
1798,Heinemann Drama
1799,Prentice Hall/Library of Liberal Arts
1800,FASA Corp.
1801,Harcourt  Brace  Jovanovich
1802,Henry Holt and Company
1803,The MIT Press
1804,Collection of Historical Scientific Instruments
1805,Penguin Classics Deluxe Editions
1806,Vintage Books/Vintage Classics
1807,Coronet Books (GB)
1808,Soho Press
1809,Disinformation Books
1810,Harper Perennial (HarperCollins)
1811,Leisure
1812,Orion Publishing Group  Ltd.
1813,BBC Audiobooks Ltd
1814,Roc Hardcover
1815,Simon Publications
1816,Hodder & Stoughton Educational Division
1817,Shaw Books
1818,Joanna Cotler Books/HarperCollinsPublishers
1819,Ace Trade
1820,Rough Guides
1821,Michael Joseph Ltd./Penguin Books Ltd.
1822,The Liffey Press
1823,Fleming H Revell Co
1824,Alan Rodgers Books
1825,Limelight
1826,Children's Classics
1827,Headline Feature
1828,Phoenix Press
1829,Tom Doherty Tor Fantasy
1830,New English Library (Hodder & Stoughton)
1831,Scribner Classics
1832,Peerage Books
1833,Cold Spring Press
1834,Unwin Paperbacks
1835,Bantem Press
1836,Tom Doherty Associates
1837,Fischer TB
1838,Orchard Books (NY)
1839,Penguin Books USA Inc.
1840,Collier Books
1841,Octopus Books
1842,Robert Rose
1843,Barn Owl Books
1844,York Press
1845,Noonday Press
1846,Bastei LÃ¼bbe
1847,Night Shade
1848,Penguin Essential Editions
1849,Panther
1850,Paul Mellon Centre BA
1851,Healing Arts Press
1852,Viking; G. P. Putnam & Sons
1853,Penguin Books Ltd.
1854,Allen & Ulwin
1855,Island
1856,San Val
1857,Baronet Books
1858,MacAdam/Cage
1859,Gallery / Saga Press
1860,The Putnam & Grosset Group
1861,Ebury Press
1862,Bantam Classic
1863,Overeaters Anonymous  Incorporated
1864,Pomegranate Communications
1865,Cleis Press
1866,Andrews and McMeel
1867,HarperTorch (an imprint of HarperCollins Publishers)
1868,Secker and Warburg
1869,McClelland and Stewart
1870,Penguin Book Limited
1871,Soundings
1872,Macmillan Publishing Company/Collier Books
1873,Sweet Valley
1874,McFarland & Company
1875,Overlook TP
1876,Prima Lifestyles
1877,Billboard Books
1878,Borgo Press
1879,Michael O'Mara
1880,Dell Yearling
1881,Farrar  Straus and Giroux (NY)
1882,Darton  Longman & Todd
1883,Sagebrush
1884,Pan Macmillan Ltd. (London)
1885,Sovereign World
1886,Travelers' Tales
1887,Lawrence Hill Books
1888,Globe
1889,Stewart  Tabori and Chang
1890,High Roads Media
1891,AVA Publishing
1892,Pelican Publishing
1893,Atlas Books/HarperCollins Publishers
1894,Collectors Library
1895,Peter Smith Publisher  Inc.
1896,Coffee House Press
1897,Bryn Mawr Commentaries
1898,Black Sparrow Press
1899,Nonsuch Publishing
1900,Blackstone Publishing
1901,Heinemann Educational Books
1902,Red Hen Pr
1903,DAW Fantasy
1904,South End Press (Boston)
1905,Cosmos Books (OH)
1906,InterVarsity Press
1907,Franklin Watts
1908,Harper Teen
1909,Schwartz & Wade Books
1910,FT Press
1911,Seuil
1912,Fischer (Tb.)
1913,Dell Publishing
1914,University of Notre Dame Press
1915,Fandemonium Books
1916,Nova Audio Books
1917,Houghton Mifflin/Seymour Lawrence
1918,Liveright Publishing Corp.
1919,Fawcett Coventry
1920,Vendome Press
1921,Wizarding World Press
1922,History Press Ltd
1923,Larousse
1924,Rba Libros
1925,Vida
1926,Nimble Books
1927,Lodestar Books
1928,Five Star Trade
1929,The Disinformation Company (NYC)
1930,Ravensburger Buchverlag
1931,Disinformation Company
1932,Penguin Books in association with Faber & Faber
1933,Sidran Press
1934,Versus Press
1935,Rowohlt
1936,Jones & Bartlett Publishers
1937,IzdavaÄka agencija |DraganicÌ|
1938,De Boekerij
1939,Alfabeta BokfÃ¶rlag
1940,Sun & Moon Press
1941,Canadian Broadcasting Corporation (CBC Audio)
1942,Penguin Books Canada
1943,Distribooks
1944,Rizzoli
1945,McGraw-Hill/Glencoe
1946,Penguin Books (London)
1947,Konemann
1948,B&H Publishing Group
1949,HJ Kramer
1950,Absolute Press
1951,Presidio Press
1952,Weiser Books
1953,Time Life Books
1954,Hamish Hamilton Ltd
1955,McGraw-Hill
1956,Dafina Books
1957,Lions
1958,Granta
1959,Morrow
1960,Penguin Workshop
1961,Bruno GmÃ¼nder
1962,Elloras Cave
1963,Berkley Heat
1964,Rowohlt Tb
1965,Random House Vintage Books
1966,W.W. Norton & Company (NY/London)
1967,Schirmer Mosel
1968,Dial
1969,Chartwell Books
1970,F. Meiner
1971,Ullstein
1972,Dramatists Play Service  Inc.
1973,Avon Books (AvoNova)
1974,No Starch Press
1975,Brookline Books
1976,Shambhala Publications
1977,Hartorch
1978,Harlequin Readers' Choice
1979,Harbor Press
1980,Yosemite Conservancy
1981,Owlet Paperbacks
1982,Brava
1983,Collins Publishers
1984,Insight International
1985,Aivia Press
1986,Power Press
1987,Joshua Odell Editions
1988,Godsfield Press Ltd
1989,Advantage World Press
1990,VeloPress
1991,Reclam
