1,A.S. Byatt
2,Adam Hargreaves
3,Adrian Wootton
4,Agatha Christie
5,Akira Watanabe
6,Alan Durband
7,Alan Lee
8,Alan R. Clarke
9,Alex Ross
10,Alexandra Boiger
11,Alfred Birnbaum
12,Amy Sedaris
13,Ana Alcaina
14,Andrew Gross
15,Andrew Gurr
16,Andrew Hurley
17,Anjali Singh
18,Ann Charters
19,Ann M. Martin
20,Anne Rice
21,Anthea Bell
22,Anthony Burgess
23,Arthur G. Chater
24,Avi
25,Barbara Bray
26,Barbara Wright
27,Barrett Whitener
28,Beau Bridges
29,Benjamin Jowett
30,Bernie Wrightson
31,Betsy Lewin
32,Bill Brown
33,Bill Robertie
34,Blake Nevius
35,Brendan Frayne
36,Brian Ajhar
37,Brian Boyd
38,Bruce Degen
39,C.D.C. Reeve
40,C.F. Smith
41,C.J. Critt
42,C.J. Rowe
43,ç¥žå°¾è‘‰å­
44,Campbell Scott
45,Cecil Day-Lewis
46,Cedric Watts
47,Charles Dickens
48,Charles Neider
49,Charlotte Hughes
50,Charlton Heston
51,Chris Van Dusen
52,Christopher Hitchens
53,Christopher Tolkien
54,Claudia Conde
55,Clement Hurd
56,CliffsNotes
57,Constance Garnett
58,Craig Dirgo
59,Cyd Moore
60,Daniel Halpern
61,Danuta Borchardt
62,Dave Eggers
63,Dave McKean
64,David Barsamian
65,David Coward
66,David Dukes
67,David Elliot
68,David Ferry
69,David Kovacs
70,David Levithan
71,David Magarshack
72,David McDuff
73,David Thompson
74,David West
75,David Wootton
76,Dean Koontz
77,Deirdre Le Faye
78,Denise Brunkus
79,Diana Bryan
80,Diana Wynne Jones
81,Diane Goode
82,Dick Hill
83,Dirk Cussler
84,Donald A. Cress
85,Douglas Smith
86,E. Dale Saunders
87,E.B. White
88,E.D.A. Morshead
89,E.L. Doctorow
90,E.M. Forster
91,Ebba Segerberg
92,Edward Ardizzone
93,Edward Asner
94,Edward Gorey
95,Elaine Clayton
96,Elaine Showalter
97,Erika Tamar
98,Erroll McDonald
99,Francis Ledoux
100,Frank Justus Miller
101,Frank Kermode
102,Frank MacShane
103,Frank Quitely
104,Frankie Frankeny
105,G. Thomas Tanselle
106,G.E.M. Anscombe
107,Garth Williams
108,Gary Carey
109,Gary Smalley
110,Georgie Ripper
111,Gillen D'Arcy Wood
112,Gillian Avery
113,Giovanni Pontiero
114,Glen C. Strathy
115,Glenn McCoy
116,Glynne Walley
117,Gore Vidal
118,Gray Jolliffe
119,Gretchen Schields
120,Grover Gardner
121,Gunther Stuhlmann
122,Guy Abadia
123,Guy Francis
124,Harold Bloom
125,Helen Oxenbury
126,Hillel Halkin
127,Hirohiko Araki
128,Hotaru Odagiri
129,Howard C. Cutler
130,Howard Hibbett
131,Howard Roughan
132,Hugh Fraser
133,Ian Beck
134,Ian McKellen
135,Ignat Avsey
136,Ilan Stavans
137,Isobel Murray
138,Ivan Morris
139,J.R.R. Tolkien
140,Jack Du Brul
141,Jack Trout
142,James Anderson
143,James Thomas
144,Jamie Glover
145,Jamie Suzanne
146,Javier Calvo
147,Jay Rubin
148,Jayne Ann Krentz
149,Jean-Paul Orpinas
150,Jeffery Deaver
151,Jeffrey Henderson
152,Jeffrey Meyers
153,Jerry B. Jenkins
154,Jessie Coulson
155,Jhumpa Lahiri
156,Jim DeFelice
157,Jim Taylor
158,Joachim KÃ¶rber
159,Joanne Greenberg
160,Joe Mantegna
161,John Bolen
162,John Brunner
163,John Cassaday
164,John E. Woods
165,John Fleming
166,John Glover
167,John Leonard
168,John Nathan
169,John Steven Gurney
170,John Tenniel
171,Jonathan Cecil
172,Joost Elffers
173,Joseph L. Galloway
174,June Shiver
175,Justin O'Brien
176,Karen Blixen
177,Karen V. Kukil
178,Kate William
179,Kenneth James Dover
180,Kevin J. Anderson
181,Kurt Vonnegut Jr.
182,Kyle Freeman
183,Larry Dixon
184,Larry J. Sabato
185,Laura Engel
186,Laurence Senelick
187,Laurie Thompson
188,Lee Yun-Hee
189,Leigh Eddings
190,Leigh Nichols
191,Len Cariou
192,Leonard B. Lubin
193,Leonard Peikoff
194,Leonard S. Marcus
195,Lin Carter
196,Lincoln Child
197,Linda Asher
198,Lois Lenski
199,Louis Iribarne
200,Louis J. Budd
201,Louis Slobodkin
202,Luann Walther
203,Lucia Graves
204,Lynn Sweat
205,Lynn Willis
206,M.A. Screech
207,Mabel Esther Allan
208,Magnus Magnusson
209,Margaret Jull Costa
210,Mark Bagley
211,Mark LeVine
212,Mark Musa
213,Mary GrandPrÃ©
214,Maureen Howard
215,Maxine Paetro
216,Mehmet C. Oz
217,Melvyn Grant
218,Michael Foreman
219,Michael Hague
220,Michael Hardt
221,Michael Heath
222,Michael Kandel
223,Michael Ledwidge
224,Michael Zulli
225,Monica Gesue
226,N.K. Sandars
227,Nadeem Zaidi
228,Nadia May
229,Nancy J. Smith
230,Ned Dameron
231,Neil Gaiman
232,Neil Strauss
233,Nevill Coghill
234,Nicola Kraus
235,Omar Rayyan
236,Otto Penzler
237,Pat Rogers
238,Paul Kemprecos
239,Paul Kidby
240,Paul Roche
241,Pauline Baynes
242,Pedro Jorge Romero
243,Peter A. Bien
244,Peter de Jonge
245,Peter H. Reynolds
246,Peter Hollindale
247,Peter Needham
248,Peter S. Beagle
249,Peter Straub
250,Peter Theroux
251,Petrina Tinslay
252,Philip Gabriel
253,Philip Pullman
254,Philippa Gregory
255,Preston McDaniels
256,Quentin Blake
257,R.A. Foakes
258,R.W.B. Lewis
259,Rafael Carpintero
260,Rainer Funk
261,Ralph Steadman
262,RenÃ©e Graef
263,Reynolds Price
264,Richard Alpert
265,Richard Bachman
266,Richard Freeborn
267,Richard Howard
268,Richard Hull
269,Richard Miller
270,Richard Platt
271,Richard Poe
272,Richard S. Kennedy
273,Richmond Lattimore
274,Rick Moody
275,Roald Dahl
276,Rob Inglis
277,Robert Fitzgerald
278,Robert Hardy Baker
279,Robert Hurley
280,Robert Ludlum
281,Robert M. Adams
282,Robert Vavra
283,Robin Buss
284,Robin Waterfield
285,Roger Penrose
286,Roma Gill
287,Ron Barrett
288,Ron McLarty
289,Rosemary Edghill
290,Russ Roberts
291,S.D. Schindler
292,Sally Jenkins
293,Sandra Brown
294,Sarah Hines Stephens
295,Scott Brick
296,Scott McKowen
297,Simon Fraser
298,Simon Vance
299,Stanley Appelbaum
300,Stephen Hawking
301,Stephen J. Dubner
302,Stephen King
303,Stephen Lang
304,Stephen Sartarelli
305,Stephen Snyder
306,Steve McMillan
307,Steven Pressfield
308,Sverre Lyngstad
309,Takeshi Obata
310,Thomas Cleary
311,Thomas Pynchon
312,Tiina Nunnally
313,Todd McCaffrey
314,Tony Ross
315,Tracy Hickman
316,Travis Bogard
317,Trina Schart Hyman
318,Troy Howell
319,Van C. Gessel
320,Various
321,Vera Neville
322,Vicente Villacampa
323,Viggo Mortensen
324,Virginia Woolf
325,Vladimir Nabokov
326,W.H.D. Rouse
327,Walt Disney Company
328,Walter Hooper
329,Warren Chang
330,Wayne Alfano
331,Wayne G. Hammond
332,Wendell Minor
333,Willard R. Trask
334,William Flanagan
335,William H. Race
336,William Hootkins
337,William Irwin
338,William Scovil Anderson
339,William Weaver
340,Yoshitaka Amano
341,A.B. Yehoshua
342,A.S. Byatt 
343,Abraham Lincoln
344,Adam Drozdek 
345,Adam Hochschild 
346,Adam Swift 
347,Adrian McKinty 
348,Aeschylus
349,Agatha Christie
350,Agatha Christie 
351,Al Franken 
352,Al Ries
353,Alain de Botton 
354,Alan Dean Foster 
355,Alan Hollinghurst 
356,Alan Lightman 
357,Alan Paton 
358,Albert Camus
359,Albert Camus 
360,Albert Einstein
361,Alcoholics Anonymous 
362,Aldous Huxley
363,Aldous Huxley 
364,Alexander McCall Smith 
365,Alexander Payne
366,Alexander Pope
367,Alexander Pushkin
368,Alexandra Moss 
369,Alexandre Dumas
370,Alice Dalgliesh
371,Alice Hoffman 
372,Alice Medrich
373,Alice Medrich 
374,Alice Miller
375,Alice Munro
376,Alice Munro 
377,Alice Sebold 
378,Alice Walker 
379,Alison Weir 
380,Alister E. McGrath 
381,Allison Pearson 
382,Alma Flor Ada
383,Amartya Sen 
384,Amelia Atwater-Rhodes 
385,Amy Tan
386,Amy Tan 
387,AnaÃ¯s Nin
388,AnaÃ¯s Nin 
389,Andre Dubus 
390,Andrea Camilleri
391,Andrea Levy 
392,Andrew Hunt 
393,Andrew J. Offutt 
394,Andrew Solomon 
395,Andy Griffiths
396,Angela Knight 
397,Angus Wells 
398,Anita Desai 
399,Anita Diamant 
400,Anita Shreve 
401,Ann Beattie 
402,Ann Brashares 
403,Ann Packer 
404,Ann Patchett 
405,Ann Rinaldi 
406,Ann Rule 
407,Anna Maxted 
408,Anna Sewell
409,Anne Lamott 
410,Anne Mazer
411,Anne Mazer 
412,Anne McCaffrey
413,Anne McCaffrey 
414,Anne Rice
415,Anne Rice 
416,Anne Stuart 
417,Anne Tyler 
418,Annie Dillard 
419,Annie Proulx 
420,Ann-Marie MacDonald 
421,Anonymous
422,Ansel Adams
423,Anthony Bourdain 
424,Anthony Burgess 
425,Anthony E. Wolf 
426,Anthony Loyd 
427,Anthony Powell 
428,Anthony Thorlby 
429,Antoine de Saint-ExupÃ©ry 
430,Anton Chekhov
431,Antonia Fraser 
432,Antonio Negri
433,Antony Beevor 
434,Anya Seton
435,Apollodorus
436,Aristophanes
437,Aristotle
438,Armistead Maupin 
439,Art Spiegelman 
440,Arthur C. Clarke 
441,Arthur Conan Doyle
442,Arthur Conan Doyle 
443,Arthur Golden 
444,Arthur Koestler
445,Arthur Koestler 
446,Arthur Miller
447,Arthur Miller 
448,Astrid Lindgren
449,Audrey Niffenegger 
450,Augusten Burroughs 
451,Augustine of Hippo
452,Augustine of Hippo 
453,Avi 
454,Ayn Rand
455,Ayn Rand 
456,Azar Nafisi 
457,Barack Obama 
458,Barbara Conklin 
459,Barbara Ehrenreich 
460,Barbara Kingsolver 
461,Barbara Nadel 
462,Barbara Park
463,Barbara Taylor Bradford 
464,Barry Lopez 
465,Barthe DeClements 
466,Beatrix Potter 
467,bell hooks 
468,Ben Elton 
469,Bernard Cornwell
470,Bernard Cornwell 
471,Bernard Malamud
472,Bernard Williams 
473,Betty MacDonald
474,Bill Bryson
475,Bill Bryson 
476,Bill Clinton 
477,Bill Hybels
478,Bill Maher 
479,Bill Phillips 
480,Bill Watterson 
481,Billy Collins 
482,Billy Crystal
483,Blake Nelson
484,Blake Nelson 
485,Bob Woodward
486,Bob Woodward 
487,Brad Thor 
488,Brady Games 
489,Bram Stoker
490,Bram Stoker 
491,Brenda Joyce 
492,Bret Easton Ellis 
493,Brian Boyd 
494,Brian Greene 
495,Brian Herbert
496,Brian Jacques
497,Brian Jacques 
498,Brian Michael Bendis
499,Brian Sibley
500,Bruce Catton
501,Bruce Coville
502,Bryan Sykes 
503,Bryce Courtenay 
504,C.D. Payne 
505,C.E. Murphy 
506,C.S. Friedman 
507,C.S. Lewis
508,C.S. Lewis 
509,Cait London 
510,Candace Bushnell 
511,Candace Ward 
512,Carl Hiaasen
513,Carl Hiaasen 
514,Carlos CastaÃ±eda 
515,Carlos Ruiz ZafÃ³n
516,Carlos Ruiz ZafÃ³n 
517,Carol Shields 
518,Carole Marsh 
519,Caroline B. Cooney 
520,Carolyn Keene
521,Carolyn Keene 
522,Carolyn Meyer 
523,Carrie Vaughn 
524,Carroll John Daly 
525,Catherine Coulter 
526,Catherine Hapka 
527,Cecelia Ahern 
528,Cecily von Ziegesar 
529,Celeste Bradley 
530,Chaim Potok 
531,Charlaine Harris 
532,Charles Baudelaire
533,Charles Bukowski 
534,Charles Burns 
535,Charles Darwin
536,Charles Dickens
537,Charles Dickens 
538,Charles Frazier 
539,Charles R. Swindoll 
540,Charles Stross 
541,Charles Taylor 
542,Charles Todd 
543,Charles Willeford
544,Charles Willeford 
545,Charlie Huston 
546,Charlotte BrontÃ«
547,Cheri Huber
548,Chie Shinohara 
549,Chiho Saito 
550,Chinua Achebe 
551,Chris L. Demarest 
552,Chris Manby 
553,Chris Offutt 
554,Chris Ware 
555,Christina Scull
556,Christine Feehan 
557,Christopher Hitchens 
558,Christopher Isherwood 
559,Christopher Janaway 
560,Christopher Moore 
561,Chuck Klosterman 
562,Chuck Palahniuk
563,Chuck Palahniuk 
564,Claire Messud 
565,CLAMP
566,CLAMP 
567,Clive Barker 
568,Clive Cussler
569,Clive Cussler 
570,Colin Wells 
571,Colin Wilson 
572,Colleen McCullough 
573,Colm TÃ³ibÃ­n 
574,Colson Whitehead 
575,Confucius
576,Connie Willis 
577,Cook's Illustrated Magazine 
578,Cormac McCarthy 
579,Cornelia Funke
580,Cory Doctorow 
581,Craig Thompson 
582,Cynthia Harrod-Eagles 
583,Cynthia Rylant
584,Cynthia Voigt 
585,D.H. Lawrence
586,D.H. Lawrence 
587,D.T. Max 
588,Daisy Meadows
589,Dalai Lama XIV
590,Dale Brown
591,Dale Carnegie 
592,Dale Peck 
593,Dan Birlew 
594,Dan Brown
595,Dan Brown 
596,Dan Harrington
597,Dan Millman 
598,Dan Savage 
599,Dan Simmons
600,Dan Simmons 
601,Daniel Abdal-Hayy Moore 
602,Daniel C. Dennett 
603,Daniel Clowes 
604,Daniel Defoe
605,Daniel Goleman 
606,Daniel Jonah Goldhagen 
607,Daniel Keyes 
608,Daniel Wallace
609,Danielle Steel 
610,Dante Alighieri
611,Danzy Senna 
612,Darren Shan 
613,Dashiell Hammett 
614,Dava Sobel 
615,Dave Eggers
616,Dave Eggers 
617,David Allen 
618,David Almond 
619,David Baldacci 
620,David Bodanis 
621,David Burnie
622,David Burnie 
623,David D. Burns 
624,David Eddings
625,David Eddings 
626,David Foster Wallace 
627,David Gemmell 
628,David Goodis 
629,David H. Chilton 
630,David Hackett Fischer 
631,David James Duncan 
632,David Levithan 
633,David Lindsay-Abaire 
634,David Lubar 
635,David Malouf 
636,David Mamet 
637,David McCullough 
638,David Mitchell 
639,David Morrell 
640,David Noonan 
641,David Pogue 
642,David R. George III 
643,David R. Hawkins 
644,David Robbins
645,David Sedaris
646,David Sedaris 
647,David Weber 
648,Dean Koontz
649,Dean Koontz 
650,Debra Hess 
651,Delia Sherman 
652,Denis Diderot
653,Denis Johnson 
654,Denise Dersin 
655,Dennis Lehane 
656,Diana Gabaldon 
657,Diana Palmer 
658,Diana Wynne Jones 
659,Diane Johnson 
660,Dick Francis 
661,Dixie Cash 
662,Don DeLillo
663,Don DeLillo 
664,Don Rosa 
665,Donald A. Norman 
666,Donald Goines 
667,Donald J. Sobol
668,Donald Miller 
669,Donald Spoto 
670,Donna Tartt 
671,Doreen Cronin
672,Doris Kearns Goodwin 
673,Douglas Adams
674,Douglas Adams 
675,Douglas Clegg 
676,Douglas Coupland 
677,Douglas Preston
678,Dr. Seuss
679,Dr. Seuss 
680,Dyan Sheldon 
681,E. Nesbit
682,E. Nesbit 
683,E.B. White
684,E.E. Cummings
685,E.L. Doctorow 
686,E.L. Konigsburg 
687,E.M. Forster
688,E.M. Forster 
689,Ed Gorman
690,Ed McBain
691,Ed McBain 
692,Edgar Allan Poe
693,Edgar Allan Poe 
694,Edgar Rice Burroughs
695,Edgar Rice Burroughs 
696,Edith Hamilton 
697,Edith Wharton
698,Edith Wharton 
699,Edmund Morris 
700,Edmund S. Morgan 
701,Edward Gibbon 
702,Edward P. Jones 
703,Edward R. Tufte 
704,Edward W. Said 
705,Edwidge Danticat 
706,Edwin A. Abbott
707,Edwin A. Abbott 
708,Eiji Nonaka
709,Elaine Cunningham 
710,Eleanor Estes
711,Elie Wiesel
712,Elisabeth KÃ¼bler-Ross 
713,Elizabeth A. Lynn 
714,Elizabeth Berg 
715,Elizabeth Clare Prophet 
716,Elizabeth George 
717,Elizabeth Gilbert 
718,Elizabeth Lowell 
719,Elizabeth Peters 
720,Ellen Meloy 
721,Elspeth Huxley 
722,Emily BrontÃ« 
723,Emily Giffin 
724,Emma Donoghue 
725,Emma Holly 
726,Emma McLaughlin
727,Enid Blyton 
728,Eoin Colfer
729,Eoin Colfer 
730,Epictetus
731,Eric Chaisson
732,Eric Hobsbawm 
733,Eric Schlosser 
734,Erica Jong 
735,Erich Fromm
736,Erich Fromm 
737,Erich Maria Remarque 
738,Erik Larson 
739,Erin St. Claire
740,Erle Stanley Gardner 
741,Ernest Hemingway
742,Ernest Hemingway 
743,Erving Goffman 
744,Eudora Welty
745,Eudora Welty 
746,Eugene O'Neill
747,Euripides
748,Eva Brann 
749,Evelyn Waugh 
750,F. Scott Fitzgerald
751,F. Scott Fitzgerald 
752,Fannie Flagg 
753,Fern Michaels 
754,Frances Hodgson Burnett
755,Francesca Lia Block 
756,Francine Pascal
757,Francine Pascal 
758,Francine Prose 
759,Frank E. Peretti 
760,Frank Herbert 
761,Frank McConnell 
762,Frank McCourt 
763,Frank Warren 
764,Franz Kafka
765,Franz Kafka 
766,Fred Saberhagen 
767,Frederick P. Lenz 
768,Friedrich Nietzsche
769,Friedrich Nietzsche 
770,Fyodor Dostoyevsky
771,G. Richard Shell 
772,Gabriel GarcÃ­a MÃ¡rquez 
773,Garrison Keillor 
774,Garry Wills 
775,Garth Nix 
776,Gary K. Carey 
777,Gary Paulsen 
778,Gary Russell 
779,Gene Wolfe 
780,Geneen Roth 
781,GeneviÃ¨ve
782,Geoffrey Chaucer
783,Georg Wilhelm Friedrich Hegel 
784,George Beahm 
785,George Bernard Shaw
786,George Bernard Shaw 
787,George Crile 
788,George E. Stanley
789,George Eliot
790,George Eliot 
791,George Lucas 
792,George Orwell
793,George Orwell 
794,George R.R. Martin
795,George R.R. Martin 
796,George S. Clason 
797,George Saunders 
798,Georges Perec
799,Georges Simenon
800,Georges Simenon 
801,Georgette Heyer
802,Georgette Heyer 
803,Geraldine Brooks 
804,Gilles Deleuze
805,Gloria Goldreich 
806,Gordon Korman 
807,Gordon S. Wood 
808,Gore Vidal 
809,Graham Greene
810,Graham Greene 
811,Graham Masterton 
812,Grant Morrison
813,Greg Iles 
814,Gregory Maguire
815,Gregory Maguire 
816,Gustave Flaubert
817,H. Jay Riker 
818,H.G. Wells
819,H.G. Wells 
820,H.P. Lovecraft
821,H.P. Lovecraft 
822,Ha Jin 
823,HalldÃ³r Laxness
824,Hanif Kureishi 
825,Hannah Green
826,Harlan Coben 
827,Harold Bloom
828,Harold Bloom 
829,Harold G. Moore
830,Harper Lee 
831,Harriet Lerner 
832,Harry Crews 
833,Haruki Murakami
834,Haruki Murakami 
835,Harvey Pekar
836,Haven Kimmel 
837,Hayao Miyazaki
838,Hayao Miyazaki 
839,Heidi Boyd 
840,Heidi Hayes Jacobs 
841,Helen Fielding 
842,Helen Vendler 
843,Henning Mankell
844,Henri J.M. Nouwen
845,Henri J.M. Nouwen 
846,Henry Chadwick 
847,Henry David Thoreau 
848,Henry James
849,Henry Miller
850,Henry Miller 
851,Herman Melville
852,Herman Melville 
853,Herman Wouk 
854,Hermann Hesse
855,Hermann Hesse 
856,Herodotus
857,Hesiod
858,Hideyuki Kikuchi
859,Hilary H. Milton 
860,Hinako Takanaga 
861,Hirohiko Araki
862,Hirohiko Araki 
863,Hiroki Endo 
864,Hiroyuki Morioka 
865,Homer
866,HonorÃ© de Balzac
867,HonorÃ© de Balzac 
868,Howard Chaykin 
869,Howard Zinn 
870,Hugh Honour
871,Humphrey Carpenter 
872,Hunter S. Thompson
873,Hunter S. Thompson 
874,Huston Smith 
875,Iain M. Banks 
876,Iain Pears 
877,Ian Edginton
878,Ian Edginton 
879,Ian Fleming 
880,Ian McEwan 
881,Immanuel Kant
882,International Code Council (ICC) 
883,Iris Murdoch
884,Iris Murdoch 
885,Irvin D. Yalom 
886,Irvine Welsh 
887,Irving Stone 
888,Isaac Asimov
889,Isaac Asimov 
890,Isaac Bashevis Singer
891,Isabel Allende 
892,Isak Dinesen
893,Italo Calvino
894,Italo Calvino 
895,Ivan Turgenev
896,Ivo AndriÄ‡
897,J.A. Jance 
898,J.D. Salinger
899,J.D. Salinger 
900,J.K. Rowling
901,J.K. Rowling 
902,J.M. Barrie
903,J.M. Coetzee 
904,J.R. Ward 
905,J.R.R. Tolkien
906,J.R.R. Tolkien 
907,J.V. Jones 
908,Jack Du Brul 
909,Jack Kerley 
910,Jack Kerouac
911,Jack Kerouac 
912,Jack London
913,Jack London 
914,Jack Vance 
915,Jack Williamson 
916,Jacqueline Carey 
917,Jahnna N. Malcolm 
918,Jakob Nielsen
919,James A. Michener
920,James A. Michener 
921,James Axler 
922,James Baldwin 
923,James Campbell 
924,James Clavell 
925,James Ellroy 
926,James Fenimore Cooper
927,James Hamilton-Paterson 
928,James Hawkins 
929,James Herriot 
930,James Joyce
931,James L. Stokesbury 
932,James Lamar Roberts
933,James Lee Burke 
934,James McBride 
935,James N. Frey 
936,James Patterson
937,James Patterson 
938,James Preller
939,James Redfield 
940,James Scott Bell 
941,James Shapiro 
942,James Tiptree Jr. 
943,James W. Loewen 
944,Jane Austen
945,Jane Austen 
946,Jane B. Mason
947,Jane Feather 
948,Jane Green 
949,Jane Hamilton 
950,Jane Leslie Conly
951,Jane Porter 
952,Jane Smiley 
953,Janet Evanovich
954,Janet Evanovich 
955,Janet Fitch 
956,Janet Valade 
957,Janette Oke 
958,Janny Wurts 
959,Jared Diamond 
960,Jasper Fforde 
961,Jay McInerney 
962,Jay Parini 
963,Jay Rubin 
964,Jayne Ann Krentz 
965,Jayne Castle
966,Jean Baudrillard
967,Jean Estoril
968,Jean Estoril 
969,Jean M. Auel 
970,Jean Rabe 
971,Jean Rhys 
972,Jean Sasson 
973,Jeanette Winterson 
974,Jean-Paul Sartre
975,Jean-Paul Sartre 
976,Jeff Shaara 
977,Jeffery Deaver 
978,Jeffrey Archer 
979,Jeffrey Eugenides 
980,Jeffrey Ford
981,Jeffrey Ford 
982,Jen Lancaster 
983,Jennifer Crusie 
984,Jennifer Weiner 
985,Jenny Nimmo 
986,Jerome K. Jerome 
987,Jerry Spinelli 
988,Jhumpa Lahiri 
989,Jill Elizabeth Nelson 
990,Jill Mansell 
991,Jim Butcher 
992,Jim Carroll 
993,Jim Lehrer 
994,Jimmy Carter 
995,Jo Clayton
996,Jo Clayton 
997,Joan Aiken
998,Joan Aiken 
999,Joan Didion
1000,Joan Didion 
1001,Joan Holub
1002,Joanne Fluke 
1003,Joanne Harris 
1004,Jodi Picoult 
1005,Joe Haldeman 
1006,Johanna Hurwitz
1007,John Banville 
1008,John Barth 
1009,John Berendt 
1010,John Brunner 
1011,John Cheever
1012,John Dos Passos
1013,John Dos Passos 
1014,John F. MacArthur Jr. 
1015,John Gardner
1016,John Gray 
1017,John Grisham 
1018,John Grogan 
1019,John Hersey 
1020,John Irving
1021,John Irving 
1022,John Julius Norwich 
1023,John Kennedy Toole 
1024,John Lescroart 
1025,John Maddox Roberts 
1026,John Mason 
1027,John McPhee 
1028,John Milton
1029,John Nichols 
1030,John Ostrander
1031,John Perkins 
1032,John Piper 
1033,John Sandford 
1034,John Saul 
1035,John Steinbeck
1036,John Steinbeck 
1037,John Updike 
1038,Jon Kabat-Zinn 
1039,Jon Krakauer 
1040,Jon Ronson 
1041,Jonathan Carroll 
1042,Jonathan Franzen 
1043,Jonathan Harr 
1044,Jonathan Lethem 
1045,Jonathan Safran Foer 
1046,Jonathan Swift
1047,Jorge Luis Borges
1048,Jorge Luis Borges 
1049,JosÃ© Saramago
1050,Joseph Campbell
1051,Joseph Conrad
1052,Joseph Conrad 
1053,Joseph Frank 
1054,Joseph Heller 
1055,Joseph J. Ellis 
1056,Joseph Pearce 
1057,Joseph Wambaugh 
1058,Joss Whedon
1059,Jostein Gaarder
1060,Joyce Carol Oates
1061,Joyce Carol Oates 
1062,Juan Rulfo 
1063,Jude Fisher 
1064,Jude Watson 
1065,Judi Barrett
1066,Judith McNaught 
1067,Judith Viorst
1068,Judy Blume 
1069,Jules Verne
1070,Jules Verne 
1071,Julia Alvarez 
1072,Julian Barnes 
1073,Julian Jaynes 
1074,Julian May 
1075,Julie Aigner-Clark
1076,Julie Kenner 
1077,Julie Powell 
1078,Juliet Marillier 
1079,Jung Chang 
1080,Jun'ichirÅ Tanizaki
1081,KÅbÅ Abe
1082,Kahlil Gibran 
1083,Kaho Miyasaka 
1084,KÅji Suzuki
1085,Kara
1086,Karen Armstrong 
1087,Karen Cushman 
1088,Karen Hesse 
1089,Karen Katz 
1090,Karen Kingsbury
1091,Karen Kingsbury 
1092,Karen O'Connor
1093,Karen Tei Yamashita 
1094,Karin Slaughter 
1095,Kate Atkinson
1096,Kate Atkinson 
1097,Kate Chopin
1098,Kate DiCamillo
1099,Kate DiCamillo 
1100,Kate Horsley 
1101,Katherine Paterson 
1102,Kathryn Lasky 
1103,Kathy Acker 
1104,Kay Redfield Jamison 
1105,Kaye Gibbons 
1106,Kazuo Ishiguro 
1107,Kazuo Umezu 
1108,Keith Herber 
1109,Kelley Armstrong 
1110,Ken Follett
1111,Ken Follett 
1112,Ken Kesey
1113,Ken Kesey 
1114,Kenneth H. Blanchard
1115,Kenneth H. Blanchard 
1116,KenzaburÅ ÅŒe
1117,Kevin Crossley-Holland 
1118,Kevin Henkes 
1119,Kevin Trudeau 
1120,Kim Harrison 
1121,Kim Stanley Robinson 
1122,Knut Hamsun
1123,Kohta Hirano 
1124,Kresley Cole 
1125,Kurt Busiek
1126,Kurt Vonnegut Jr.
1127,Kurt Vonnegut Jr. 
1128,L.A. Banks 
1129,L.M. Montgomery
1130,L.M. Montgomery 
1131,Lance Armstrong
1132,Larry McMurtry 
1133,Laura Esquivel
1134,Laura Ingalls Wilder
1135,Laurell K. Hamilton 
1136,Lauren Weisberger 
1137,Laurence Yep
1138,Laurence Yep 
1139,Laurie Notaro 
1140,Lawrence Block 
1141,Lawrence Durrell 
1142,Lawrence Otis Graham 
1143,Lawrence Sanders 
1144,Lee Charles Kelley 
1145,Lee Child
1146,Lee Child 
1147,Leigh Nichols
1148,Leo Tolstoy
1149,Leo Tolstoy 
1150,Leon Uris 
1151,Leonardo da Vinci
1152,Lerone Bennett Jr. 
1153,Lewis Carroll
1154,Lilian Jackson Braun 
1155,Lin Carter 
1156,Lincoln Child 
1157,Linda Lael Miller 
1158,Lindsey Davis 
1159,Lisa Gardner 
1160,Lisa McCourt
1161,Lisa See 
1162,Lloyd Alexander 
1163,Lois Gladys Leppard 
1164,Lois Lenski 
1165,Lois Lowry
1166,Lois Lowry 
1167,Lord Dunsany
1168,Lorna Landvik 
1169,Lorrie Moore 
1170,Louis Begley 
1171,Louis de BerniÃ¨res 
1172,Louis Sachar 
1173,Louisa May Alcott
1174,Louisa May Alcott 
1175,Ludovico Ariosto
1176,Ludwig Wittgenstein
1177,Luigi Pirandello
1178,Luis SepÃºlveda
1179,Lynda Milligan
1180,Lynsay Sands 
1181,M. Scott Peck 
1182,M.C. Beaton 
1183,M.M. Kaye 
1184,Madeleine Brent 
1185,Madeleine L'Engle
1186,Madeleine L'Engle 
1187,Maeve Binchy 
1188,Malcolm Gladwell 
1189,Malvina G. Vogel
1190,Marcel Proust
1191,Marcel Proust 
1192,Marcia Angell 
1193,Marcus J. Borg 
1194,Margaret Atwood
1195,Margaret Atwood 
1196,Margaret George 
1197,Margaret Truman 
1198,Margaret Weis
1199,Margaret Weis 
1200,Margaret Wise Brown
1201,Margo Maine
1202,Marguerite Duras
1203,Marguerite Duras 
1204,Mari Mancusi 
1205,Marian Keyes 
1206,Mario Puzo 
1207,Mario Vargas Llosa 
1208,Marissa Moss 
1209,Marjane Satrapi
1210,Mark Allen Weiss 
1211,Mark Bittman 
1212,Mark Haddon 
1213,Mark Kurlansky
1214,Mark Kurlansky 
1215,Mark Smylie 
1216,Mark Twain
1217,Mark Twain 
1218,Mark Waid
1219,Mark Z. Danielewski 
1220,Markus Zusak
1221,Markus Zusak 
1222,Marsha Collier 
1223,Marshall Sahlins 
1224,Marta Acosta 
1225,Martha Grimes 
1226,Martin Amis 
1227,Martin E.P. Seligman 
1228,Martin Gilbert 
1229,Mary B. Collins 
1230,Mary Balogh 
1231,Mary Doria Russell 
1232,Mary Higgins Clark
1233,Mary Higgins Clark 
1234,Mary Pope Osborne
1235,Mary Roach 
1236,Mary S. Lovell 
1237,Mary Stewart 
1238,Mary Wollstonecraft Shelley 
1239,MaryJanice Davidson 
1240,Masamune Shirow 
1241,Matt Braun 
1242,Matt Ridley 
1243,Matthew Kneale 
1244,Matthew Pearl
1245,Maud Hart Lovelace
1246,Maureen Johnson 
1247,Max Allan Collins
1248,Max Allan Collins 
1249,Max Barry 
1250,Max Frisch 
1251,Maya Angelou 
1252,Mayu ShinjÅ 
1253,Meg Cabot 
1254,Megan McDonald
1255,Megan Whalen Turner 
1256,Melissa de la Cruz 
1257,Mercedes Lackey
1258,Mercedes Lackey 
1259,Michael Chabon 
1260,Michael Connelly
1261,Michael Connelly 
1262,Michael Craft 
1263,Michael Crichton 
1264,Michael Cunningham 
1265,Michael F. Roizen
1266,Michael Jecks 
1267,Michael Lewis 
1268,Michael Marshall Smith 
1269,Michael Moorcock 
1270,Michael Morpurgo
1271,Michael Pollan 
1272,Michael Shaara 
1273,Michel de Montaigne
1274,Michel Foucault
1275,Michio Kaku 
1276,Mike Davis 
1277,Mike Mason 
1278,Milan Kundera
1279,Minette Walters 
1280,Mircea Eliade
1281,Mitch Albom 
1282,Miyamoto Musashi
1283,Monica Ali 
1284,Monica Furlong 
1285,Morag McKendrick Pippin 
1286,Muriel Spark 
1287,Naguib Mahfouz
1288,Naguib Mahfouz 
1289,Nancy White Carlstrom
1290,Naomi Novik 
1291,Napoleon Hill 
1292,Nathan Englander 
1293,Nathaniel Hawthorne 
1294,Nathaniel Philbrick 
1295,Natsuo Kirino 
1296,Neal Stephenson
1297,Neal Stephenson 
1298,Neale Donald Walsch 
1299,Ned Vizzini 
1300,Neil deGrasse Tyson 
1301,Neil Gaiman
1302,Neil Gaiman 
1303,Nelson DeMille
1304,Nelson DeMille 
1305,Nicholas P. White 
1306,Nicholas Sparks
1307,Nicholas Sparks 
1308,Nicholas Wright
1309,Nicholson Baker 
1310,Nick Flynn 
1311,Nick Hornby 
1312,Nick Tosches 
1313,Nicole Krauss 
1314,Nigel Warburton 
1315,Nigella Lawson
1316,Nigella Lawson 
1317,Nikki Giovanni
1318,Nikolai Gogol 
1319,Nikos Kazantzakis
1320,Noah Gordon 
1321,Noam Chomsky
1322,Noam Chomsky 
1323,Noel Streatfeild
1324,Noel Streatfeild 
1325,Nora Ephron 
1326,Nora Roberts 
1327,Norma Goldman
1328,Norman Maclean
1329,Norman Mailer 
1330,Norman Rush 
1331,Norton Juster
1332,Norton Juster 
1333,NOT A BOOK 
1334,Octavio Paz
1335,Orhan Pamuk
1336,Orson Scott Card
1337,Orson Scott Card 
1338,Oscar Hijuelos 
1339,Oscar Wilde
1340,Oscar Wilde 
1341,Ovid
1342,P.C. Cast 
1343,P.D. Eastman 
1344,P.D. James 
1345,P.G. Wodehouse
1346,P.G. Wodehouse 
1347,P.J. Parrish 
1348,P.T. Deutermann 
1349,Pablo Neruda
1350,Pablo Neruda 
1351,Paramahansa Yogananda 
1352,Pat Conroy 
1353,Patricia A. McKillip 
1354,Patricia Cornwell
1355,Patricia Cornwell 
1356,Patrick Lencioni 
1357,Patrick McGrath 
1358,Patrick O'Brian
1359,Patrick O'Brian 
1360,Patrick Robinson 
1361,Patrick SÃ¼skind 
1362,Paul Auster 
1363,Paul Bowles
1364,Paul Bowles 
1365,Paul Hendrickson 
1366,Paul Krugman 
1367,Paul Theroux 
1368,Paula Danziger
1369,Pauline Kael 
1370,Pauline RÃ©age
1371,Paulo Coelho
1372,Paulo Coelho 
1373,Pearl S. Buck 
1374,Peggy Parish
1375,Penny Jordan 
1376,Pete Hautman 
1377,Peter Abrahams 
1378,Peter Biskind 
1379,Peter F. Hamilton 
1380,Peter Mayle 
1381,Peter S. Beagle 
1382,Peter Singer 
1383,Peter Straub 
1384,Philip K. Dick
1385,Philip K. Dick 
1386,Philip Pullman
1387,Philip Pullman 
1388,Philip Roth 
1389,Philippa Gregory 
1390,Phillip C. McGraw 
1391,Phillip Lopate 
1392,Phyllis Reynolds Naylor 
1393,Piers Anthony 
1394,Pindar
1395,Plato
1396,Preston Peet 
1397,Primo Levi 
1398,Quentin Blake 
1399,Quentin Carter 
1400,Quentin Skinner 
1401,R. Scott Bakker 
1402,R.A. Salvatore 
1403,Rachel Caine 
1404,Rachel Ryan
1405,Ram Dass
1406,Randy Alcorn 
1407,Ray Bradbury
1408,Ray Bradbury 
1409,Raymond Carver 
1410,Raymond Chandler
1411,Raymond Chandler 
1412,Raymond E. Feist 
1413,Raymond Queneau
1414,Reader's Digest Association 
1415,Rebecca Solnit 
1416,Rebecca York 
1417,Reinaldo Arenas 
1418,RenÃ© Descartes
1419,Reynolds Price 
1420,Ricardo Piglia 
1421,Richard A. Knaak 
1422,Richard A. Posner 
1423,Richard Adams 
1424,Richard Bach 
1425,Richard Bachman
1426,Richard Brautigan 
1427,Richard Curtis 
1428,Richard Dawkins 
1429,Richard Ford 
1430,Richard M. Weaver 
1431,Richard Matheson
1432,Richard Matheson 
1433,Richard P. Feynman
1434,Richard P. Feynman 
1435,Richard Paul Russo 
1436,Richard Peck 
1437,Richard Powers 
1438,Richard Preston 
1439,Richard R. George
1440,Richard Rhodes 
1441,Richard Russo 
1442,Richard Wright
1443,Richard Wright 
1444,Richmond Lattimore 
1445,Rick Bass 
1446,Rick Moody 
1447,Rick Riordan 
1448,Rick Warren 
1449,Roald Dahl
1450,Roald Dahl 
1451,Rob Kidd
1452,Robb Forman Dew 
1453,Robert A. Dahl 
1454,Robert A. Heinlein 
1455,Robert B. Parker
1456,Robert Benedetti 
1457,Robert D. Kaplan 
1458,Robert D. Putnam 
1459,Robert Frost
1460,Robert Graves 
1461,Robert Greene
1462,Robert Hellenga 
1463,Robert Irwin 
1464,Robert Jordan 
1465,Robert Louis Stevenson
1466,Robert Louis Stevenson 
1467,Robert Ludlum 
1468,Robert M. Pirsig 
1469,Robert M. Sapolsky 
1470,Robert McCloskey 
1471,Robert Nye 
1472,Robert R. McCammon 
1473,Robert Shapard
1474,Roberta Gellis 
1475,Robin Hobb 
1476,Robin McKinley 
1477,Robin S. Sharma 
1478,Robin Wasserman 
1479,Roddy Doyle
1480,Roddy Doyle 
1481,Rodney Stark 
1482,Roger Ebert
1483,Roger Hargreaves
1484,Roger Hargreaves 
1485,Roger Lowenstein 
1486,Roger Zelazny 
1487,Rohinton Mistry 
1488,Roland Barthes
1489,Ron Chernow 
1490,Ron Rash 
1491,Ron Roy
1492,Ronald Takaki 
1493,Ronda Thompson 
1494,Rosa Montero 
1495,Ruby Ann Boxcar 
1496,Rudyard Kipling
1497,Rudyard Kipling 
1498,Rumer Godden
1499,Rumer Godden 
1500,Rumiko Takahashi 
1501,Russell Banks 
1502,Russell Hoban
1503,Russell Hoban 
1504,Russell Roberts
1505,Ruth Heller 
1506,Ruth Ozeki 
1507,Ruth Reichl 
1508,S.E. Hinton 
1509,SÃ¸ren Kierkegaard
1510,Salman Rushdie
1511,Salman Rushdie 
1512,Sandra Boynton 
1513,Sandra Brown 
1514,Sandra Cisneros 
1515,Sandy Petersen
1516,Sarah Dessen 
1517,Sarah Mayberry 
1518,Sarah Mlynowski 
1519,Satoru Kannagi
1520,Satosumi Takaguchi 
1521,Saul Bellow
1522,Saul Bellow 
1523,Scott Turow 
1524,Scott Westerfeld 
1525,Seamus Heaney 
1526,Sean Stewart 
1527,Sebastian Faulks 
1528,ShÅ«saku EndÅ
1529,Shana Abe 
1530,Shel Silverstein
1531,Shel Silverstein 
1532,Shelby Foote 
1533,Shirley Rousseau Murphy 
1534,Sidney Sheldon 
1535,Sigmund Freud
1536,Sigrid Nunez 
1537,Sigrid Undset
1538,Sigrid Undset 
1539,Silas House 
1540,Simon Goldhill 
1541,Simon Schama 
1542,Simon Singh 
1543,Simon Winchester 
1544,Simone de Beauvoir
1545,Simone de Beauvoir 
1546,Sinclair Lewis
1547,Sinclair Lewis 
1548,Slavoj Å½iÅ¾ek
1549,Slavoj Å½iÅ¾ek 
1550,Sophie Kinsella 
1551,Sophocles
1552,SparkNotes
1553,SparkNotes 
1554,Stacy Horn 
1555,StanisÅ‚aw Lem
1556,Stanley Bing 
1557,Stephanie Laurens 
1558,Stephen Crane
1559,Stephen E. Ambrose 
1560,Stephen Greenblatt 
1561,Stephen Hawking
1562,Stephen Hawking 
1563,Stephen Hunter
1564,Stephen Jay Gould 
1565,Stephen King
1566,Stephen King 
1567,Stephen Leeb
1568,Stephen M. Pollan
1569,Stephen Manes
1570,Stephen Manes 
1571,Stephen R. Covey 
1572,Stephen R. Donaldson 
1573,Stephen W. Frey 
1574,Steve Martin 
1575,Steve Martini 
1576,Steve Perry 
1577,Steve Turner 
1578,Steven D. Levitt
1579,Steven Johnson 
1580,Steven Pinker 
1581,Steven Pressfield 
1582,Stewart Brand 
1583,Stuart McLean 
1584,Stuart Woods 
1585,Sue Miller 
1586,Sue Monk Kidd 
1587,Sun Tzu
1588,Susan Carroll 
1589,Susan Conant 
1590,Susan Cooper 
1591,Susan Hill 
1592,Susan Howatch 
1593,Susan Mallery 
1594,Susan Minot 
1595,Susan Ring
1596,Syd Hoff 
1597,Sydney Taylor 
1598,Sylvia Engdahl 
1599,Sylvia Plath
1600,Sylvia Plath 
1601,T. Coraghessan Boyle 
1602,T.A. Barron 
1603,T.H. White 
1604,T.S. Eliot
1605,Tad Williams 
1606,Takashi Hashiguchi 
1607,Tamora Pierce 
1608,Tananarive Due 
1609,Tara MacCarthy 
1610,Teddy Slater
1611,Temple Grandin
1612,Tennessee Williams
1613,Teresa Edgerton 
1614,Terry Brooks
1615,Terry Brooks 
1616,Terry C. Johnston 
1617,Terry Deary 
1618,Terry Eagleton 
1619,Terry Gilliam
1620,Terry Goodkind 
1621,Terry Jones
1622,Terry Pratchett
1623,Terry Pratchett 
1624,Tess Gerritsen 
1625,Thomas Aquinas
1626,Thomas Aquinas 
1627,Thomas Cahill 
1628,Thomas Hardy
1629,Thomas Harlan 
1630,Thomas Harris 
1631,Thomas Jefferson 
1632,Thomas Kinkade
1633,Thomas L. Friedman 
1634,Thomas More
1635,Thomas Pynchon 
1636,Thomas Sowell 
1637,Thomas Wolfe 
1638,Thucydides
1639,Tim Bogenn 
1640,Tim Downs 
1641,Tim LaHaye
1642,Tim O'Brien 
1643,Time-Life Books 
1644,Timothy Findley 
1645,Tish Boyle
1646,Tite Kubo 
1647,Tobias Wolff 
1648,Todd Gitlin 
1649,Tom Clancy
1650,Tom Clancy 
1651,Tom Perrotta 
1652,Tom Robbins 
1653,Tom Stoppard 
1654,Tom Wolfe 
1655,Tomie dePaola 
1656,Toni Morrison
1657,Toni Morrison 
1658,Tony Horwitz 
1659,Tracy Chevalier 
1660,Tracy Kidder 
1661,Trevanian 
1662,Tristan Taormino 
1663,Troy Denning 
1664,Trudi Canavan 
1665,Truman Capote
1666,Truman Capote 
1667,Tsugumi Ohba
1668,Tsutomu Nihei 
1669,Tyler Florence
1670,Umberto Eco
1671,Umberto Eco 
1672,Unknown
1673,Ursula K. Le Guin
1674,Ursula K. Le Guin 
1675,V.C. Andrews
1676,V.C. Andrews 
1677,V.S. Naipaul 
1678,Valerie Parv 
1679,Victor Hugo
1680,Victoria Alexander 
1681,Victoria Holt 
1682,Vijay Prashad 
1683,Vince Flynn 
1684,Virgil
1685,Virginia Lee Burton 
1686,Virginia Woolf
1687,Virginia Woolf 
1688,Vladimir Nabokov
1689,Vladimir Nabokov 
1690,Voltaire
1691,W. Somerset Maugham 
1692,Wallace Stegner
1693,Wallace Stegner 
1694,Walter Dean Myers 
1695,Walter Isaacson 
1696,Walter J. Savitch 
1697,Walter Kirn 
1698,Walter Scott
1699,Waris Dirie
1700,Warren Ellis
1701,Wayne G. Hammond
1702,Wayne W. Dyer 
1703,Wendy Wasserstein 
1704,Wilbur Smith 
1705,Wilkie Collins
1706,Wilkie Collins 
1707,Will Eisner
1708,Will Eisner 
1709,Will Ferguson 
1710,William Anderson
1711,William Arrow 
1712,William Faulkner
1713,William Faulkner 
1714,William Gaddis 
1715,William Gibson 
1716,William Golding 
1717,William Goldman
1718,William Goldman 
1719,William James
1720,William Jefferies
1721,William L. Shirer 
1722,William Manchester 
1723,William Morris
1724,William S. Burroughs 
1725,William Shakespeare
1726,William Shakespeare 
1727,William Sleator
1728,William Sleator 
1729,William Strunk Jr.
1730,William Styron 
1731,William T. Quick 
1732,William T. Vollmann 
1733,Winston S. Churchill
1734,Witold Gombrowicz
1735,Wole Soyinka 
1736,YÅko Kamio
1737,Yann Martel 
1738,Yasunari Kawabata
1739,Yayoi Ogawa 
1740,Yosef A.A. Ben-Jochannan 
1741,Youka Nitta 
1742,Yuki Shimizu 
1743,Yukito Kishiro 
1744,Yumi Hotta
1745,Zadie Smith 
1746,Zilpha Keatley Snyder 
1747,Zora Neale Hurston
1748,Zora Neale Hurston 
